keyword,keep
5g,
advertising,
aerospace,
airlines,
alphabet,
aluminum,
amazon stock,
amd stock,
api,
apple iphone,
apple stock,
auto parts,
auto sales,
automation,
bank capital,
bank of america,
banking,
banks,
benefits,
black friday,
broadband,
cable tv,
cancer treatment,
capital gains,
carbon fiber,
casinos,
cement,
charity,
chemicals,
chevron,
clay,
climate change,
coal,
comcast,
commercial real estate,
computing,
construction,
copper,
cost of living,
credit card,
credit cards,
credit score,
cryptocurrency,
currency,
cyber monday,
cyber security,
defense,
depression,
derivative,
diagnostics,
disney plus,
disney+,
dividend,
donation,
dow jones,
duke energy,
earnings,
economy,
engineering,
entertainment,
etf,
exchange rate,
expense,
exxon,
fast food,
fertilizer,
financial services,
footwear,
foreclosure,
foundry,
gaming,
gas price,
gas prices,
gas station,
gdp,
glass,
gold,
gold price,
google search,
google stock,
gpu,
great depression,
grocery stores,
hardware,
health care,
health insurance,
health it,
health services,
heat pump,
home care,
home depot,
home improvement,
hospitals,
hotels,
inflation,
infrastructure,
insurance,
insurance quotes,
interest rates,
internet service,
ipo,
landlord,
life insurance,
lithium,
live streaming,
loan rates,
logistics,
lumber,
machine learning,
machinery,
manufacturing,
materials,
medicaid,
medical insurance,
medicare,
mental health,
meta,
metals,
mining,
mortgage rates,
movies,
nasdaq,
natural gas,
netflix,
networking,
nickel,
nvidia stock,
oil,
oil price,
oil prices,
oncology,
online banking,
online shopping,
ozempic,
packaging,
paper,
paramount plus,
pharmaceutical,
pharmaceuticals,
phosphate,
plant based,
podcast,
poverty,
power outage,
price of gold,
property management,
property tax,
publishing,
real estate,
recycling,
redfin,
refinance,
resorts,
restaurants,
robotics,
s&p 500,
sand,
savings,
self storage,
silicon valley,
silver,
silver price,
social media,
social security card,
social security office,
software,
solar panels,
spotify,
steel,
stimulus,
stock market,
streaming,
supply chain,
tesla stock,
the depression,
therapeutics,
tiktok,
titanium,
transportation,
trucking,
vaccines,
video games,
wall street,
walmart grocery,
waste management,
water bill,
weight loss,
wells fargo,
wireless,
youtube,
zillow,
zinc,
