,"Search -> Return
Lag 1","Return -> Search
Lag 1","Search -> Return
Lag 2","Return -> Search
Lag 2"
Materials,0.8826275598137842,0.1733788515212944,0.47258010061849853,0.06845267867765627
Communication Services,0.16043332216772346,0.03894390647234922,0.016516167366210362,0.011415686688974348
Energy,0.4831881590677971,0.3036099011805177,0.24181177226801445,0.2315008390104778
Financials,0.35592361464298217,0.09800809992031448,0.07531471296512195,0.07586412533699714
Industrials,0.8052822690016361,0.13659388844837253,0.41427434819871367,0.037177814643040256
Technology,0.5657724558073693,0.08953970766694798,0.7162259804992024,0.011250379151818507
Consumer Staples,0.9931198842867119,0.28014130374165236,0.8549458400289864,0.13300795991557418
Real Estate,0.9278638195636153,0.14760469899882617,0.6519530400473723,0.05651524640678389
Utilities,0.928851051391487,0.047130105737153156,0.9454117462397551,0.09446542155436384
Health Care,0.9843291999151381,0.18371998739542228,0.8844858312416699,0.03417595249702196
Consumer Discretionary,0.9125782180491915,0.016444335863191755,0.5979713711335228,0.0006388038676904092
