target_type,target,pc_count,horizon,model,n_oos,start,end,oos_r2,msfe_model,msfe_benchmark,msfe_ratio,directional_accuracy
raw_sector_return,Materials,5,1,OLS,59,2021-06-01,2026-04-01,-0.1669194805256442,0.0038823270941226715,0.0033269879875292337,1.1669194805256442,0.5084745762711864
raw_sector_return,Materials,5,1,Ridge,59,2021-06-01,2026-04-01,-0.05622933169421129,0.0035140622986226714,0.0033269879875292337,1.0562293316942113,0.576271186440678
raw_sector_return,Materials,5,1,Lasso,59,2021-06-01,2026-04-01,-0.04194712930160449,0.0034665455828270077,0.0033269879875292337,1.0419471293016045,0.5423728813559322
raw_sector_return,Materials,5,1,ElasticNet,59,2021-06-01,2026-04-01,-0.04793729124111068,0.003486474779643099,0.0033269879875292337,1.0479372912411107,0.5254237288135594
raw_sector_return,Materials,10,1,OLS,59,2021-06-01,2026-04-01,-0.3442110587628606,0.00447217404520799,0.0033269879875292337,1.3442110587628606,0.423728813559322
raw_sector_return,Materials,10,1,Ridge,59,2021-06-01,2026-04-01,-0.03577940961839121,0.0034460256535305094,0.0033269879875292337,1.0357794096183912,0.5254237288135594
raw_sector_return,Materials,10,1,Lasso,59,2021-06-01,2026-04-01,-0.059931452442266275,0.003526379209879833,0.0033269879875292337,1.0599314524422663,0.5254237288135594
raw_sector_return,Materials,10,1,ElasticNet,59,2021-06-01,2026-04-01,-0.05684815870889759,0.0035161211286668915,0.0033269879875292337,1.0568481587088976,0.5084745762711864
raw_sector_return,Materials,13,1,OLS,59,2021-06-01,2026-04-01,-0.4455207687179983,0.004809230233248804,0.0033269879875292337,1.4455207687179983,0.4067796610169492
raw_sector_return,Materials,13,1,Ridge,59,2021-06-01,2026-04-01,-0.03433558429259609,0.003441222064015498,0.0033269879875292337,1.034335584292596,0.5254237288135594
raw_sector_return,Materials,13,1,Lasso,59,2021-06-01,2026-04-01,-0.034035097473914755,0.0034402223479793347,0.0033269879875292337,1.0340350974739148,0.5254237288135594
raw_sector_return,Materials,13,1,ElasticNet,59,2021-06-01,2026-04-01,-0.030254101134366218,0.0034276430185767644,0.0033269879875292337,1.0302541011343662,0.5254237288135594
raw_sector_return,Materials,5,2,OLS,58,2021-06-01,2026-03-01,-0.19498937759574164,0.0040360510191526245,0.003377478574138421,1.1949893775957416,0.5172413793103449
raw_sector_return,Materials,5,2,Ridge,58,2021-06-01,2026-03-01,-0.022710868441648824,0.003454184045700166,0.003377478574138421,1.0227108684416488,0.5172413793103449
raw_sector_return,Materials,5,2,Lasso,58,2021-06-01,2026-03-01,0.00017283953524949158,0.003376894812311352,0.003377478574138421,0.9998271604647505,0.5344827586206896
raw_sector_return,Materials,5,2,ElasticNet,58,2021-06-01,2026-03-01,-0.0013606983952960672,0.003382074303814398,0.003377478574138421,1.001360698395296,0.5344827586206896
raw_sector_return,Materials,10,2,OLS,58,2021-06-01,2026-03-01,-0.30293278390211054,0.004400627561171904,0.003377478574138421,1.3029327839021105,0.5
raw_sector_return,Materials,10,2,Ridge,58,2021-06-01,2026-03-01,-0.05920044314828088,0.0035774268024512394,0.003377478574138421,1.0592004431482809,0.5
raw_sector_return,Materials,10,2,Lasso,58,2021-06-01,2026-03-01,-0.01769982805102366,0.0034372593641466874,0.003377478574138421,1.0176998280510237,0.5172413793103449
raw_sector_return,Materials,10,2,ElasticNet,58,2021-06-01,2026-03-01,-0.012595354651620205,0.003420019114607943,0.003377478574138421,1.0125953546516202,0.5172413793103449
raw_sector_return,Materials,13,2,OLS,58,2021-06-01,2026-03-01,-0.681189271389304,0.005678180743188758,0.003377478574138421,1.681189271389304,0.43103448275862066
raw_sector_return,Materials,13,2,Ridge,58,2021-06-01,2026-03-01,-0.1187711589802889,0.003778625618819935,0.003377478574138421,1.118771158980289,0.5
raw_sector_return,Materials,13,2,Lasso,58,2021-06-01,2026-03-01,-0.003932607023930279,0.0033907608701022516,0.003377478574138421,1.0039326070239303,0.5172413793103449
raw_sector_return,Materials,13,2,ElasticNet,58,2021-06-01,2026-03-01,-0.0017675863440740347,0.0033834485591434705,0.003377478574138421,1.001767586344074,0.5344827586206896
raw_sector_return,Communication Services,5,1,OLS,34,2023-07-01,2026-04-01,-0.16770874692801319,0.0017492534650357281,0.0014980220621260499,1.1677087469280132,0.6470588235294118
raw_sector_return,Communication Services,5,1,Ridge,34,2023-07-01,2026-04-01,0.00850502094979011,0.00148528135310442,0.0014980220621260499,0.9914949790502099,0.6176470588235294
raw_sector_return,Communication Services,5,1,Lasso,34,2023-07-01,2026-04-01,0.004804336162678169,0.001490825060560488,0.0014980220621260499,0.9951956638373218,0.6176470588235294
raw_sector_return,Communication Services,5,1,ElasticNet,34,2023-07-01,2026-04-01,0.0023379699925631936,0.0014945197314966015,0.0014980220621260499,0.9976620300074368,0.6176470588235294
raw_sector_return,Communication Services,10,1,OLS,34,2023-07-01,2026-04-01,-0.32423043359738113,0.001983726404867622,0.0014980220621260499,1.3242304335973811,0.5882352941176471
raw_sector_return,Communication Services,10,1,Ridge,34,2023-07-01,2026-04-01,-0.005193012500576577,0.00150580130942081,0.0014980220621260499,1.0051930125005766,0.6176470588235294
raw_sector_return,Communication Services,10,1,Lasso,34,2023-07-01,2026-04-01,-0.06141070163025941,0.0015900166480188186,0.0014980220621260499,1.0614107016302594,0.6176470588235294
raw_sector_return,Communication Services,10,1,ElasticNet,34,2023-07-01,2026-04-01,-0.056827090334437,0.0015831502971734664,0.0014980220621260499,1.056827090334437,0.6176470588235294
raw_sector_return,Communication Services,13,1,OLS,34,2023-07-01,2026-04-01,-1.0125126468045296,0.003014788345220876,0.0014980220621260499,2.0125126468045296,0.38235294117647056
raw_sector_return,Communication Services,13,1,Ridge,34,2023-07-01,2026-04-01,-0.03318579487806694,0.0015477351150025838,0.0014980220621260499,1.033185794878067,0.6176470588235294
raw_sector_return,Communication Services,13,1,Lasso,34,2023-07-01,2026-04-01,0.004964609874947956,0.001490584967003529,0.0014980220621260499,0.995035390125052,0.6176470588235294
raw_sector_return,Communication Services,13,1,ElasticNet,34,2023-07-01,2026-04-01,0.03750292912313635,0.001441841846905242,0.0014980220621260499,0.9624970708768636,0.6176470588235294
raw_sector_return,Communication Services,5,2,OLS,33,2023-07-01,2026-03-01,-0.09164254541892114,0.0016673033382894244,0.0015273345155758762,1.0916425454189211,0.6363636363636364
raw_sector_return,Communication Services,5,2,Ridge,33,2023-07-01,2026-03-01,-0.035369088838829166,0.0015813549457438895,0.0015273345155758762,1.0353690888388292,0.6363636363636364
raw_sector_return,Communication Services,5,2,Lasso,33,2023-07-01,2026-03-01,-0.003175476274232203,0.0015321845300929034,0.0015273345155758762,1.0031754762742322,0.6363636363636364
raw_sector_return,Communication Services,5,2,ElasticNet,33,2023-07-01,2026-03-01,0.0,0.0015273345155758762,0.0015273345155758762,1.0,0.6363636363636364
raw_sector_return,Communication Services,10,2,OLS,33,2023-07-01,2026-03-01,-0.13146811520980628,0.0017281303056335192,0.0015273345155758762,1.1314681152098063,0.6060606060606061
raw_sector_return,Communication Services,10,2,Ridge,33,2023-07-01,2026-03-01,-0.10276486496137727,0.0016842908408198816,0.0015273345155758762,1.1027648649613773,0.6060606060606061
raw_sector_return,Communication Services,10,2,Lasso,33,2023-07-01,2026-03-01,-0.0019508417645268672,0.0015303141035372652,0.0015273345155758762,1.0019508417645269,0.6363636363636364
raw_sector_return,Communication Services,10,2,ElasticNet,33,2023-07-01,2026-03-01,0.021691950123921888,0.00149420365144146,0.0015273345155758762,0.9783080498760781,0.6363636363636364
raw_sector_return,Communication Services,13,2,OLS,33,2023-07-01,2026-03-01,-0.3226204599376441,0.002020083879469604,0.0015273345155758762,1.322620459937644,0.6060606060606061
raw_sector_return,Communication Services,13,2,Ridge,33,2023-07-01,2026-03-01,-0.05087333423062912,0.0016050351148687437,0.0015273345155758762,1.0508733342306291,0.5757575757575758
raw_sector_return,Communication Services,13,2,Lasso,33,2023-07-01,2026-03-01,-0.033783140460266425,0.001578932672045389,0.0015273345155758762,1.0337831404602664,0.6363636363636364
raw_sector_return,Communication Services,13,2,ElasticNet,33,2023-07-01,2026-03-01,-0.013293666728211306,0.001547638391608436,0.0015273345155758762,1.0132936667282113,0.6363636363636364
raw_sector_return,Energy,5,1,OLS,59,2021-06-01,2026-04-01,-0.10764686314568817,0.006637452737161799,0.0059923906779382795,1.1076468631456882,0.4576271186440678
raw_sector_return,Energy,5,1,Ridge,59,2021-06-01,2026-04-01,-0.02302544637829418,0.006130368148170937,0.0059923906779382795,1.0230254463782942,0.559322033898305
raw_sector_return,Energy,5,1,Lasso,59,2021-06-01,2026-04-01,0.0017765619127863008,0.005981744824893318,0.0059923906779382795,0.9982234380872137,0.576271186440678
raw_sector_return,Energy,5,1,ElasticNet,59,2021-06-01,2026-04-01,0.0032772476657937366,0.005972752129576482,0.0059923906779382795,0.9967227523342063,0.576271186440678
raw_sector_return,Energy,10,1,OLS,59,2021-06-01,2026-04-01,-0.2664188463664523,0.007588876489331679,0.0059923906779382795,1.2664188463664523,0.559322033898305
raw_sector_return,Energy,10,1,Ridge,59,2021-06-01,2026-04-01,-0.02660087380722742,0.006151793506165722,0.0059923906779382795,1.0266008738072274,0.5932203389830508
raw_sector_return,Energy,10,1,Lasso,59,2021-06-01,2026-04-01,-0.06885741370894749,0.0064050112019547155,0.0059923906779382795,1.0688574137089475,0.576271186440678
raw_sector_return,Energy,10,1,ElasticNet,59,2021-06-01,2026-04-01,-0.06518396787404601,0.006382998479377741,0.0059923906779382795,1.065183967874046,0.576271186440678
raw_sector_return,Energy,13,1,OLS,59,2021-06-01,2026-04-01,-0.6206591610207755,0.009711622848616168,0.0059923906779382795,1.6206591610207755,0.5932203389830508
raw_sector_return,Energy,13,1,Ridge,59,2021-06-01,2026-04-01,-0.16209784231513824,0.006963744277141423,0.0059923906779382795,1.1620978423151382,0.576271186440678
raw_sector_return,Energy,13,1,Lasso,59,2021-06-01,2026-04-01,-0.1953339135673995,0.0071629078006847655,0.0059923906779382795,1.1953339135673995,0.5084745762711864
raw_sector_return,Energy,13,1,ElasticNet,59,2021-06-01,2026-04-01,-0.1948642797370912,0.007160093571297981,0.0059923906779382795,1.1948642797370912,0.4915254237288136
raw_sector_return,Energy,5,2,OLS,58,2021-06-01,2026-03-01,-0.07292491262005463,0.0064233427274891985,0.005986758860695632,1.0729249126200546,0.5344827586206896
raw_sector_return,Energy,5,2,Ridge,58,2021-06-01,2026-03-01,-0.034663896501414104,0.006194283250221709,0.005986758860695632,1.034663896501414,0.5689655172413793
raw_sector_return,Energy,5,2,Lasso,58,2021-06-01,2026-03-01,-0.023175756564206118,0.006125506526659718,0.005986758860695632,1.0231757565642061,0.5862068965517241
raw_sector_return,Energy,5,2,ElasticNet,58,2021-06-01,2026-03-01,-0.03335081201292067,0.006186422130025379,0.005986758860695632,1.0333508120129207,0.5689655172413793
raw_sector_return,Energy,10,2,OLS,58,2021-06-01,2026-03-01,-0.3398341348557976,0.008021263878710412,0.005986758860695632,1.3398341348557976,0.5689655172413793
raw_sector_return,Energy,10,2,Ridge,58,2021-06-01,2026-03-01,-0.026617344841379564,0.006146110485772952,0.005986758860695632,1.0266173448413796,0.603448275862069
raw_sector_return,Energy,10,2,Lasso,58,2021-06-01,2026-03-01,-0.006056288478949012,0.006023016399409909,0.005986758860695632,1.006056288478949,0.603448275862069
raw_sector_return,Energy,10,2,ElasticNet,58,2021-06-01,2026-03-01,0.008544768892372878,0.005935603389816622,0.005986758860695632,0.9914552311076271,0.5862068965517241
raw_sector_return,Energy,13,2,OLS,58,2021-06-01,2026-03-01,-0.45179818639875635,0.008691565656364603,0.005986758860695632,1.4517981863987564,0.5517241379310345
raw_sector_return,Energy,13,2,Ridge,58,2021-06-01,2026-03-01,-0.031324532503313574,0.0061742912832169925,0.005986758860695632,1.0313245325033136,0.603448275862069
raw_sector_return,Energy,13,2,Lasso,58,2021-06-01,2026-03-01,-0.008584230529754544,0.006038150578881894,0.005986758860695632,1.0085842305297545,0.6206896551724138
raw_sector_return,Energy,13,2,ElasticNet,58,2021-06-01,2026-03-01,-0.014408328717714136,0.006073018050314223,0.005986758860695632,1.0144083287177141,0.6206896551724138
raw_sector_return,Financials,5,1,OLS,59,2021-06-01,2026-04-01,-0.3000108441996261,0.003611420251560515,0.0027779924049663967,1.300010844199626,0.4406779661016949
raw_sector_return,Financials,5,1,Ridge,59,2021-06-01,2026-04-01,-0.09532244965538039,0.0030427974461318353,0.0027779924049663967,1.0953224496553804,0.5254237288135594
raw_sector_return,Financials,5,1,Lasso,59,2021-06-01,2026-04-01,-0.007944387635024697,0.0028000618534786046,0.0027779924049663967,1.0079443876350247,0.5084745762711864
raw_sector_return,Financials,5,1,ElasticNet,59,2021-06-01,2026-04-01,-0.041740869000484127,0.002893948222026439,0.0027779924049663967,1.0417408690004841,0.5254237288135594
raw_sector_return,Financials,10,1,OLS,59,2021-06-01,2026-04-01,-0.3041450450966423,0.003622905030253031,0.0027779924049663967,1.3041450450966423,0.576271186440678
raw_sector_return,Financials,10,1,Ridge,59,2021-06-01,2026-04-01,-0.16875377816480142,0.003246789119017599,0.0027779924049663967,1.1687537781648014,0.5084745762711864
raw_sector_return,Financials,10,1,Lasso,59,2021-06-01,2026-04-01,-0.13994020543037777,0.0031667452328014234,0.0027779924049663967,1.1399402054303778,0.5084745762711864
raw_sector_return,Financials,10,1,ElasticNet,59,2021-06-01,2026-04-01,-0.12832006475926527,0.003134464570272432,0.0027779924049663967,1.1283200647592653,0.4915254237288136
raw_sector_return,Financials,13,1,OLS,59,2021-06-01,2026-04-01,-0.5885598579838698,0.004413007220313688,0.0027779924049663967,1.5885598579838698,0.5254237288135594
raw_sector_return,Financials,13,1,Ridge,59,2021-06-01,2026-04-01,-0.09346558237219926,0.0030376390829221275,0.0027779924049663967,1.0934655823721993,0.4915254237288136
raw_sector_return,Financials,13,1,Lasso,59,2021-06-01,2026-04-01,-0.01145717589289097,0.002809820352579212,0.0027779924049663967,1.011457175892891,0.5254237288135594
raw_sector_return,Financials,13,1,ElasticNet,59,2021-06-01,2026-04-01,-0.00435786945210781,0.0027900985332061875,0.0027779924049663967,1.0043578694521078,0.5423728813559322
raw_sector_return,Financials,5,2,OLS,58,2021-06-01,2026-03-01,-0.17250176114969995,0.0033058499454687554,0.0028194839914160936,1.1725017611497,0.5
raw_sector_return,Financials,5,2,Ridge,58,2021-06-01,2026-03-01,-0.025568415087921403,0.00289157372844237,0.0028194839914160936,1.0255684150879214,0.5689655172413793
raw_sector_return,Financials,5,2,Lasso,58,2021-06-01,2026-03-01,-0.010011930255223511,0.002847712468493871,0.0028194839914160936,1.0100119302552235,0.5517241379310345
raw_sector_return,Financials,5,2,ElasticNet,58,2021-06-01,2026-03-01,-0.06350513282358694,0.0029985356967849497,0.0028194839914160936,1.063505132823587,0.5344827586206896
raw_sector_return,Financials,10,2,OLS,58,2021-06-01,2026-03-01,-0.18756919274633477,0.0033483323276472243,0.0028194839914160936,1.1875691927463348,0.6206896551724138
raw_sector_return,Financials,10,2,Ridge,58,2021-06-01,2026-03-01,-0.02772472550056504,0.002897653411131342,0.0028194839914160936,1.027724725500565,0.5172413793103449
raw_sector_return,Financials,10,2,Lasso,58,2021-06-01,2026-03-01,0.00024405228066559648,0.0028187958899176884,0.0028194839914160936,0.9997559477193344,0.5172413793103449
raw_sector_return,Financials,10,2,ElasticNet,58,2021-06-01,2026-03-01,-0.021926571828772223,0.002881305609673952,0.0028194839914160936,1.0219265718287722,0.5172413793103449
raw_sector_return,Financials,13,2,OLS,58,2021-06-01,2026-03-01,-0.4074052135432773,0.003968156469020819,0.0028194839914160936,1.4074052135432773,0.6206896551724138
raw_sector_return,Financials,13,2,Ridge,58,2021-06-01,2026-03-01,-0.04503588737160236,0.002946461954899545,0.0028194839914160936,1.0450358873716024,0.6206896551724138
raw_sector_return,Financials,13,2,Lasso,58,2021-06-01,2026-03-01,0.05541974158666685,0.0026632289172040698,0.0028194839914160936,0.9445802584133332,0.5862068965517241
raw_sector_return,Financials,13,2,ElasticNet,58,2021-06-01,2026-03-01,0.055114206420399325,0.0026640903687141755,0.0028194839914160936,0.9448857935796007,0.5862068965517241
raw_sector_return,Industrials,5,1,OLS,59,2021-06-01,2026-04-01,-0.18390910270693728,0.003433182489481263,0.002899869999843313,1.1839091027069373,0.559322033898305
raw_sector_return,Industrials,5,1,Ridge,59,2021-06-01,2026-04-01,-0.04211542167165461,0.0030219992476796954,0.002899869999843313,1.0421154216716546,0.559322033898305
raw_sector_return,Industrials,5,1,Lasso,59,2021-06-01,2026-04-01,-0.0019322596888706745,0.0029054733017469755,0.002899869999843313,1.0019322596888707,0.5423728813559322
raw_sector_return,Industrials,5,1,ElasticNet,59,2021-06-01,2026-04-01,-0.009117078001038559,0.002926308340824756,0.002899869999843313,1.0091170780010386,0.576271186440678
raw_sector_return,Industrials,10,1,OLS,59,2021-06-01,2026-04-01,-0.24501590177606025,0.003610384262888266,0.002899869999843313,1.2450159017760603,0.5084745762711864
raw_sector_return,Industrials,10,1,Ridge,59,2021-06-01,2026-04-01,-0.01139926854715223,0.0029329263967233575,0.002899869999843313,1.0113992685471522,0.576271186440678
raw_sector_return,Industrials,10,1,Lasso,59,2021-06-01,2026-04-01,-0.009509783248838888,0.0029274471349916334,0.002899869999843313,1.0095097832488389,0.5423728813559322
raw_sector_return,Industrials,10,1,ElasticNet,59,2021-06-01,2026-04-01,-0.011822693851769817,0.002934154275061392,0.002899869999843313,1.0118226938517698,0.5423728813559322
raw_sector_return,Industrials,13,1,OLS,59,2021-06-01,2026-04-01,-0.388040585889166,0.004025137253584928,0.002899869999843313,1.388040585889166,0.4406779661016949
raw_sector_return,Industrials,13,1,Ridge,59,2021-06-01,2026-04-01,-0.021139867322857553,0.0029611728668935355,0.002899869999843313,1.0211398673228576,0.559322033898305
raw_sector_return,Industrials,13,1,Lasso,59,2021-06-01,2026-04-01,0.0,0.002899869999843313,0.002899869999843313,1.0,0.5423728813559322
raw_sector_return,Industrials,13,1,ElasticNet,59,2021-06-01,2026-04-01,-0.000737747413807055,0.0029020093714360743,0.002899869999843313,1.000737747413807,0.5423728813559322
raw_sector_return,Industrials,5,2,OLS,58,2021-06-01,2026-03-01,-0.1606464822752811,0.0034232752494418087,0.0029494555850726983,1.160646482275281,0.5344827586206896
raw_sector_return,Industrials,5,2,Ridge,58,2021-06-01,2026-03-01,-0.018960925788719774,0.003005379993538387,0.0029494555850726983,1.0189609257887198,0.5344827586206896
raw_sector_return,Industrials,5,2,Lasso,58,2021-06-01,2026-03-01,0.005188402804880976,0.002934152621442235,0.0029494555850726983,0.994811597195119,0.5344827586206896
raw_sector_return,Industrials,5,2,ElasticNet,58,2021-06-01,2026-03-01,0.0020633140146852913,0.002943369932028326,0.0029494555850726983,0.9979366859853147,0.5344827586206896
raw_sector_return,Industrials,10,2,OLS,58,2021-06-01,2026-03-01,-0.2810352555627942,0.003778356589194715,0.0029494555850726983,1.2810352555627942,0.5344827586206896
raw_sector_return,Industrials,10,2,Ridge,58,2021-06-01,2026-03-01,-0.028902894837915527,0.003034703389677157,0.0029494555850726983,1.0289028948379155,0.5172413793103449
raw_sector_return,Industrials,10,2,Lasso,58,2021-06-01,2026-03-01,0.016847599071620145,0.002899764339895843,0.0029494555850726983,0.9831524009283799,0.5172413793103449
raw_sector_return,Industrials,10,2,ElasticNet,58,2021-06-01,2026-03-01,0.0204000760352111,0.0028892864668747372,0.0029494555850726983,0.9795999239647889,0.5172413793103449
raw_sector_return,Industrials,13,2,OLS,58,2021-06-01,2026-03-01,-0.7369256821780394,0.005122985154156225,0.0029494555850726983,1.7369256821780394,0.4482758620689655
raw_sector_return,Industrials,13,2,Ridge,58,2021-06-01,2026-03-01,-0.13216337651386834,0.003339265594073593,0.0029494555850726983,1.1321633765138683,0.41379310344827586
raw_sector_return,Industrials,13,2,Lasso,58,2021-06-01,2026-03-01,0.013997601769517032,0.0029081702803559727,0.0029494555850726983,0.986002398230483,0.5
raw_sector_return,Industrials,13,2,ElasticNet,58,2021-06-01,2026-03-01,-0.019628890637441554,0.0030073501261920817,0.0029494555850726983,1.0196288906374416,0.5
raw_sector_return,Technology,5,1,OLS,59,2021-06-01,2026-04-01,-0.10485143867349977,0.004943413636888092,0.004474279042278503,1.1048514386734998,0.576271186440678
raw_sector_return,Technology,5,1,Ridge,59,2021-06-01,2026-04-01,0.014029238641171227,0.004411508313847187,0.004474279042278503,0.9859707613588288,0.6101694915254238
raw_sector_return,Technology,5,1,Lasso,59,2021-06-01,2026-04-01,0.024088118710435147,0.0043665020775644865,0.004474279042278503,0.9759118812895649,0.6610169491525424
raw_sector_return,Technology,5,1,ElasticNet,59,2021-06-01,2026-04-01,0.00946531181942245,0.00443192859597623,0.004474279042278503,0.9905346881805775,0.6610169491525424
raw_sector_return,Technology,10,1,OLS,59,2021-06-01,2026-04-01,-0.20196453721874175,0.005377924738439796,0.004474279042278503,1.2019645372187417,0.5932203389830508
raw_sector_return,Technology,10,1,Ridge,59,2021-06-01,2026-04-01,0.022793714750430794,0.004372293602074976,0.004474279042278503,0.9772062852495692,0.6440677966101694
raw_sector_return,Technology,10,1,Lasso,59,2021-06-01,2026-04-01,0.019063545077382726,0.004388983422067238,0.004474279042278503,0.9809364549226173,0.6440677966101694
raw_sector_return,Technology,10,1,ElasticNet,59,2021-06-01,2026-04-01,0.016994037488450964,0.0043982429765002315,0.004474279042278503,0.983005962511549,0.6440677966101694
raw_sector_return,Technology,13,1,OLS,59,2021-06-01,2026-04-01,-0.43800488464574516,0.006434035118064574,0.004474279042278503,1.4380048846457452,0.559322033898305
raw_sector_return,Technology,13,1,Ridge,59,2021-06-01,2026-04-01,-0.04038762072684188,0.004654984527264105,0.004474279042278503,1.0403876207268419,0.6779661016949152
raw_sector_return,Technology,13,1,Lasso,59,2021-06-01,2026-04-01,-0.032771452804340795,0.004620907666745984,0.004474279042278503,1.0327714528043408,0.6440677966101694
raw_sector_return,Technology,13,1,ElasticNet,59,2021-06-01,2026-04-01,-0.05982556315789278,0.004741955305708372,0.004474279042278503,1.0598255631578928,0.6440677966101694
raw_sector_return,Technology,5,2,OLS,58,2021-06-01,2026-03-01,-0.12020221986803215,0.005087670832610647,0.004541743215979353,1.1202022198680321,0.5344827586206896
raw_sector_return,Technology,5,2,Ridge,58,2021-06-01,2026-03-01,-0.0017127160915246797,0.004549521932668934,0.004541743215979353,1.0017127160915247,0.6206896551724138
raw_sector_return,Technology,5,2,Lasso,58,2021-06-01,2026-03-01,-0.01864708507280577,0.004626433488106559,0.004541743215979353,1.0186470850728058,0.603448275862069
raw_sector_return,Technology,5,2,ElasticNet,58,2021-06-01,2026-03-01,-0.01865587193066154,0.004626473395758615,0.004541743215979353,1.0186558719306615,0.603448275862069
raw_sector_return,Technology,10,2,OLS,58,2021-06-01,2026-03-01,-0.2026962813525135,0.005462337676716374,0.004541743215979353,1.2026962813525135,0.5689655172413793
raw_sector_return,Technology,10,2,Ridge,58,2021-06-01,2026-03-01,-0.0023058579049848316,0.004552215830476331,0.004541743215979353,1.0023058579049848,0.6206896551724138
raw_sector_return,Technology,10,2,Lasso,58,2021-06-01,2026-03-01,0.00044882331842643897,0.004539704775717717,0.004541743215979353,0.9995511766815736,0.6206896551724138
raw_sector_return,Technology,10,2,ElasticNet,58,2021-06-01,2026-03-01,0.0009979020768641211,0.004537211000991544,0.004541743215979353,0.9990020979231359,0.6206896551724138
raw_sector_return,Technology,13,2,OLS,58,2021-06-01,2026-03-01,-0.35183291107025894,0.006139677952990969,0.004541743215979353,1.351832911070259,0.5
raw_sector_return,Technology,13,2,Ridge,58,2021-06-01,2026-03-01,-0.022797030827052422,0.004645281476082591,0.004541743215979353,1.0227970308270524,0.5862068965517241
raw_sector_return,Technology,13,2,Lasso,58,2021-06-01,2026-03-01,-0.005273609217640862,0.0045656945948673,0.004541743215979353,1.0052736092176409,0.6206896551724138
raw_sector_return,Technology,13,2,ElasticNet,58,2021-06-01,2026-03-01,-0.01212106233886967,0.004596793968627377,0.004541743215979353,1.0121210623388697,0.6206896551724138
raw_sector_return,Consumer Staples,5,1,OLS,59,2021-06-01,2026-04-01,-0.16827596957768498,0.0019373764585588111,0.0016583209010617116,1.168275969577685,0.423728813559322
raw_sector_return,Consumer Staples,5,1,Ridge,59,2021-06-01,2026-04-01,-0.020783248658828413,0.0016927861967046096,0.0016583209010617116,1.0207832486588284,0.5423728813559322
raw_sector_return,Consumer Staples,5,1,Lasso,59,2021-06-01,2026-04-01,0.0,0.0016583209010617116,0.0016583209010617116,1.0,0.559322033898305
raw_sector_return,Consumer Staples,5,1,ElasticNet,59,2021-06-01,2026-04-01,0.0,0.0016583209010617116,0.0016583209010617116,1.0,0.559322033898305
raw_sector_return,Consumer Staples,10,1,OLS,59,2021-06-01,2026-04-01,-0.30310489291824516,0.0021609660802021096,0.0016583209010617116,1.3031048929182452,0.4915254237288136
raw_sector_return,Consumer Staples,10,1,Ridge,59,2021-06-01,2026-04-01,-0.020206174962582812,0.0016918292233326726,0.0016583209010617116,1.0202061749625828,0.559322033898305
raw_sector_return,Consumer Staples,10,1,Lasso,59,2021-06-01,2026-04-01,0.0,0.0016583209010617116,0.0016583209010617116,1.0,0.559322033898305
raw_sector_return,Consumer Staples,10,1,ElasticNet,59,2021-06-01,2026-04-01,0.0,0.0016583209010617116,0.0016583209010617116,1.0,0.559322033898305
raw_sector_return,Consumer Staples,13,1,OLS,59,2021-06-01,2026-04-01,-0.3036115941173225,0.0021618063533911324,0.0016583209010617116,1.3036115941173225,0.4406779661016949
raw_sector_return,Consumer Staples,13,1,Ridge,59,2021-06-01,2026-04-01,-0.02026977288346865,0.0016919346890941415,0.0016583209010617116,1.0202697728834687,0.5254237288135594
raw_sector_return,Consumer Staples,13,1,Lasso,59,2021-06-01,2026-04-01,0.006037188190031184,0.00164830930570254,0.0016583209010617116,0.9939628118099688,0.559322033898305
raw_sector_return,Consumer Staples,13,1,ElasticNet,59,2021-06-01,2026-04-01,0.005930830837947321,0.0016484856803224823,0.0016583209010617116,0.9940691691620527,0.559322033898305
raw_sector_return,Consumer Staples,5,2,OLS,58,2021-06-01,2026-03-01,-0.17548247156754826,0.001973950759886656,0.001679268562171175,1.1754824715675483,0.5689655172413793
raw_sector_return,Consumer Staples,5,2,Ridge,58,2021-06-01,2026-03-01,-0.02523205303372067,0.001721639955589738,0.001679268562171175,1.0252320530337207,0.5517241379310345
raw_sector_return,Consumer Staples,5,2,Lasso,58,2021-06-01,2026-03-01,-0.0002649747210334841,0.0016797135258899765,0.001679268562171175,1.0002649747210335,0.5517241379310345
raw_sector_return,Consumer Staples,5,2,ElasticNet,58,2021-06-01,2026-03-01,-0.0002870080363912564,0.0016797505257437773,0.001679268562171175,1.0002870080363913,0.5517241379310345
raw_sector_return,Consumer Staples,10,2,OLS,58,2021-06-01,2026-03-01,-0.6132530086277106,0.0027090850602165778,0.001679268562171175,1.6132530086277106,0.39655172413793105
raw_sector_return,Consumer Staples,10,2,Ridge,58,2021-06-01,2026-03-01,-0.015368771419661531,0.0017050768568554076,0.001679268562171175,1.0153687714196615,0.5517241379310345
raw_sector_return,Consumer Staples,10,2,Lasso,58,2021-06-01,2026-03-01,0.0032687189799168737,0.0016737795051496285,0.001679268562171175,0.9967312810200831,0.5517241379310345
raw_sector_return,Consumer Staples,10,2,ElasticNet,58,2021-06-01,2026-03-01,0.0029750193230922983,0.0016742727057500544,0.001679268562171175,0.9970249806769077,0.5344827586206896
raw_sector_return,Consumer Staples,13,2,OLS,58,2021-06-01,2026-03-01,-0.8171221108894666,0.003051436034442805,0.001679268562171175,1.8171221108894666,0.5172413793103449
raw_sector_return,Consumer Staples,13,2,Ridge,58,2021-06-01,2026-03-01,-0.019705411616774082,0.0017123592404038664,0.001679268562171175,1.019705411616774,0.5517241379310345
raw_sector_return,Consumer Staples,13,2,Lasso,58,2021-06-01,2026-03-01,0.00024705576297368026,0.00167885368919531,0.001679268562171175,0.9997529442370263,0.5517241379310345
raw_sector_return,Consumer Staples,13,2,ElasticNet,58,2021-06-01,2026-03-01,0.0033351364751535995,0.0016736679723378992,0.001679268562171175,0.9966648635248464,0.5344827586206896
raw_sector_return,Real Estate,5,1,OLS,59,2021-06-01,2026-04-01,-0.144164584977591,0.0038282308619741897,0.0033458742843794345,1.144164584977591,0.4406779661016949
raw_sector_return,Real Estate,5,1,Ridge,59,2021-06-01,2026-04-01,-0.029795044790781544,0.0034455647585468437,0.0033458742843794345,1.0297950447907815,0.5084745762711864
raw_sector_return,Real Estate,5,1,Lasso,59,2021-06-01,2026-04-01,-0.00555537930486949,0.003364461885135571,0.0033458742843794345,1.0055553793048695,0.5423728813559322
raw_sector_return,Real Estate,5,1,ElasticNet,59,2021-06-01,2026-04-01,-0.003526701374962693,0.0033576741838186076,0.0033458742843794345,1.0035267013749627,0.5423728813559322
raw_sector_return,Real Estate,10,1,OLS,59,2021-06-01,2026-04-01,-0.41828059709292065,0.004745388577847513,0.0033458742843794345,1.4182805970929206,0.4745762711864407
raw_sector_return,Real Estate,10,1,Ridge,59,2021-06-01,2026-04-01,-0.04838698646291917,0.0035077710580843314,0.0033458742843794345,1.0483869864629192,0.4915254237288136
raw_sector_return,Real Estate,10,1,Lasso,59,2021-06-01,2026-04-01,-0.007894684289259546,0.0033722889055261625,0.0033458742843794345,1.0078946842892595,0.5423728813559322
raw_sector_return,Real Estate,10,1,ElasticNet,59,2021-06-01,2026-04-01,-0.0071742606691946875,0.0033698784586619276,0.0033458742843794345,1.0071742606691947,0.5423728813559322
raw_sector_return,Real Estate,13,1,OLS,59,2021-06-01,2026-04-01,-0.46879637015677966,0.004914408003897426,0.0033458742843794345,1.4687963701567797,0.4067796610169492
raw_sector_return,Real Estate,13,1,Ridge,59,2021-06-01,2026-04-01,-0.018509252393518194,0.0034078039159859954,0.0033458742843794345,1.0185092523935182,0.5254237288135594
raw_sector_return,Real Estate,13,1,Lasso,59,2021-06-01,2026-04-01,7.547657919548811e-06,0.003345849030864894,0.0033458742843794345,0.9999924523420805,0.5423728813559322
raw_sector_return,Real Estate,13,1,ElasticNet,59,2021-06-01,2026-04-01,0.0022723882997256473,0.0033382711588032577,0.0033458742843794345,0.9977276117002744,0.5423728813559322
raw_sector_return,Real Estate,5,2,OLS,58,2021-06-01,2026-03-01,-0.16600993472621384,0.003925903836002312,0.003366955734321542,1.1660099347262138,0.5172413793103449
raw_sector_return,Real Estate,5,2,Ridge,58,2021-06-01,2026-03-01,-0.048160810867976966,0.003529111052643052,0.003366955734321542,1.048160810867977,0.5172413793103449
raw_sector_return,Real Estate,5,2,Lasso,58,2021-06-01,2026-03-01,-0.0590679131464098,0.0035658347832042536,0.003366955734321542,1.0590679131464098,0.5517241379310345
raw_sector_return,Real Estate,5,2,ElasticNet,58,2021-06-01,2026-03-01,-0.0726726095938992,0.0036116411939218314,0.003366955734321542,1.0726726095938992,0.5172413793103449
raw_sector_return,Real Estate,10,2,OLS,58,2021-06-01,2026-03-01,-0.2573279342756314,0.004233367498231996,0.003366955734321542,1.2573279342756314,0.43103448275862066
raw_sector_return,Real Estate,10,2,Ridge,58,2021-06-01,2026-03-01,-0.007384309398740241,0.003391818377195635,0.003366955734321542,1.0073843093987402,0.5344827586206896
raw_sector_return,Real Estate,10,2,Lasso,58,2021-06-01,2026-03-01,-0.013533854707129533,0.003412523624035186,0.003366955734321542,1.0135338547071295,0.5
raw_sector_return,Real Estate,10,2,ElasticNet,58,2021-06-01,2026-03-01,-0.018684820189650564,0.003429866696803853,0.003366955734321542,1.0186848201896506,0.5172413793103449
raw_sector_return,Real Estate,13,2,OLS,58,2021-06-01,2026-03-01,-0.5078678838856006,0.005076924418247912,0.003366955734321542,1.5078678838856006,0.39655172413793105
raw_sector_return,Real Estate,13,2,Ridge,58,2021-06-01,2026-03-01,-0.05292745609072269,0.0035451601361092527,0.003366955734321542,1.0529274560907227,0.46551724137931033
raw_sector_return,Real Estate,13,2,Lasso,58,2021-06-01,2026-03-01,-0.050637631823789775,0.0035374503991631137,0.003366955734321542,1.0506376318237898,0.5172413793103449
raw_sector_return,Real Estate,13,2,ElasticNet,58,2021-06-01,2026-03-01,-0.048809054775388994,0.003531293661184352,0.003366955734321542,1.048809054775389,0.4827586206896552
raw_sector_return,Utilities,5,1,OLS,59,2021-06-01,2026-04-01,-0.1285854196499283,0.002720152049509258,0.002410231429671501,1.1285854196499283,0.5084745762711864
raw_sector_return,Utilities,5,1,Ridge,59,2021-06-01,2026-04-01,-0.05918554057128311,0.0025528822797385056,0.002410231429671501,1.0591855405712831,0.559322033898305
raw_sector_return,Utilities,5,1,Lasso,59,2021-06-01,2026-04-01,-0.005511280955427189,0.002423514892248022,0.002410231429671501,1.0055112809554272,0.576271186440678
raw_sector_return,Utilities,5,1,ElasticNet,59,2021-06-01,2026-04-01,-0.009555678007500568,0.002433262825137,0.002410231429671501,1.0095556780075006,0.576271186440678
raw_sector_return,Utilities,10,1,OLS,59,2021-06-01,2026-04-01,-0.4456648165881367,0.0034843867777110136,0.002410231429671501,1.4456648165881367,0.4067796610169492
raw_sector_return,Utilities,10,1,Ridge,59,2021-06-01,2026-04-01,-0.11279413921832138,0.0026820914090982424,0.002410231429671501,1.1127941392183214,0.4915254237288136
raw_sector_return,Utilities,10,1,Lasso,59,2021-06-01,2026-04-01,0.0,0.002410231429671501,0.002410231429671501,1.0,0.6101694915254238
raw_sector_return,Utilities,10,1,ElasticNet,59,2021-06-01,2026-04-01,0.0,0.002410231429671501,0.002410231429671501,1.0,0.6101694915254238
raw_sector_return,Utilities,13,1,OLS,59,2021-06-01,2026-04-01,-0.49635148483930824,0.0036065533785953193,0.002410231429671501,1.4963514848393082,0.4067796610169492
raw_sector_return,Utilities,13,1,Ridge,59,2021-06-01,2026-04-01,-0.09907022862714676,0.0026490136084533914,0.002410231429671501,1.0990702286271468,0.5084745762711864
raw_sector_return,Utilities,13,1,Lasso,59,2021-06-01,2026-04-01,0.0,0.002410231429671501,0.002410231429671501,1.0,0.6101694915254238
raw_sector_return,Utilities,13,1,ElasticNet,59,2021-06-01,2026-04-01,0.0,0.002410231429671501,0.002410231429671501,1.0,0.6101694915254238
raw_sector_return,Utilities,5,2,OLS,58,2021-06-01,2026-03-01,-0.18368345911720474,0.0028616617058387565,0.0024175903479913404,1.1836834591172047,0.5
raw_sector_return,Utilities,5,2,Ridge,58,2021-06-01,2026-03-01,-0.02231403833411072,0.002471536551692595,0.0024175903479913404,1.0223140383341107,0.603448275862069
raw_sector_return,Utilities,5,2,Lasso,58,2021-06-01,2026-03-01,-0.0276266307247941,0.0024843802237791237,0.0024175903479913404,1.027626630724794,0.603448275862069
raw_sector_return,Utilities,5,2,ElasticNet,58,2021-06-01,2026-03-01,-0.025596433084618786,0.002479472037559721,0.0024175903479913404,1.0255964330846188,0.603448275862069
raw_sector_return,Utilities,10,2,OLS,58,2021-06-01,2026-03-01,-0.2598979251216498,0.0030459170632284173,0.0024175903479913404,1.2598979251216498,0.5
raw_sector_return,Utilities,10,2,Ridge,58,2021-06-01,2026-03-01,-0.025063974408185308,0.0024781847706028715,0.0024175903479913404,1.0250639744081853,0.603448275862069
raw_sector_return,Utilities,10,2,Lasso,58,2021-06-01,2026-03-01,-0.029392371807466233,0.0024886490623776437,0.0024175903479913404,1.0293923718074662,0.5862068965517241
raw_sector_return,Utilities,10,2,ElasticNet,58,2021-06-01,2026-03-01,-0.034047494175089676,0.0024999032412823287,0.0024175903479913404,1.0340474941750897,0.5689655172413793
raw_sector_return,Utilities,13,2,OLS,58,2021-06-01,2026-03-01,-0.4946007357297191,0.003613332312800925,0.0024175903479913404,1.494600735729719,0.46551724137931033
raw_sector_return,Utilities,13,2,Ridge,58,2021-06-01,2026-03-01,-0.029357007409842817,0.0024885635657512866,0.0024175903479913404,1.0293570074098428,0.603448275862069
raw_sector_return,Utilities,13,2,Lasso,58,2021-06-01,2026-03-01,-0.020129347816135068,0.002466254864982989,0.0024175903479913404,1.020129347816135,0.603448275862069
raw_sector_return,Utilities,13,2,ElasticNet,58,2021-06-01,2026-03-01,-0.016484350978018147,0.002457442755808699,0.0024175903479913404,1.0164843509780181,0.603448275862069
raw_sector_return,Health Care,5,1,OLS,59,2021-06-01,2026-04-01,-0.14839389358919308,0.002172313666783778,0.0018916102557759373,1.148393893589193,0.4915254237288136
raw_sector_return,Health Care,5,1,Ridge,59,2021-06-01,2026-04-01,-0.021904684628368143,0.001933045381868496,0.0018916102557759373,1.0219046846283681,0.559322033898305
raw_sector_return,Health Care,5,1,Lasso,59,2021-06-01,2026-04-01,0.0,0.0018916102557759373,0.0018916102557759373,1.0,0.559322033898305
raw_sector_return,Health Care,5,1,ElasticNet,59,2021-06-01,2026-04-01,-0.00011773737167519727,0.0018918329689956862,0.0018916102557759373,1.0001177373716752,0.559322033898305
raw_sector_return,Health Care,10,1,OLS,59,2021-06-01,2026-04-01,-0.4399076710770158,0.002723744117979728,0.0018916102557759373,1.4399076710770158,0.4915254237288136
raw_sector_return,Health Care,10,1,Ridge,59,2021-06-01,2026-04-01,-0.01624974644323829,0.0019223484428017253,0.0018916102557759373,1.0162497464432383,0.559322033898305
raw_sector_return,Health Care,10,1,Lasso,59,2021-06-01,2026-04-01,0.0,0.0018916102557759373,0.0018916102557759373,1.0,0.559322033898305
raw_sector_return,Health Care,10,1,ElasticNet,59,2021-06-01,2026-04-01,0.0,0.0018916102557759373,0.0018916102557759373,1.0,0.559322033898305
raw_sector_return,Health Care,13,1,OLS,59,2021-06-01,2026-04-01,-0.5972137653384861,0.0030213059391807815,0.0018916102557759373,1.5972137653384861,0.4745762711864407
raw_sector_return,Health Care,13,1,Ridge,59,2021-06-01,2026-04-01,-0.020088318767438995,0.001929609525577721,0.0018916102557759373,1.020088318767439,0.559322033898305
raw_sector_return,Health Care,13,1,Lasso,59,2021-06-01,2026-04-01,0.0014428383899661723,0.00188888096788005,0.0018916102557759373,0.9985571616100338,0.559322033898305
raw_sector_return,Health Care,13,1,ElasticNet,59,2021-06-01,2026-04-01,0.0017621641724893111,0.0018882769279548956,0.0018916102557759373,0.9982378358275107,0.559322033898305
raw_sector_return,Health Care,5,2,OLS,58,2021-06-01,2026-03-01,-0.16715420160970473,0.002204858770100632,0.0018890895196707993,1.1671542016097047,0.5862068965517241
raw_sector_return,Health Care,5,2,Ridge,58,2021-06-01,2026-03-01,-0.010850717145525435,0.0019095874957113237,0.0018890895196707993,1.0108507171455254,0.5517241379310345
raw_sector_return,Health Care,5,2,Lasso,58,2021-06-01,2026-03-01,0.0,0.0018890895196707993,0.0018890895196707993,1.0,0.5517241379310345
raw_sector_return,Health Care,5,2,ElasticNet,58,2021-06-01,2026-03-01,0.0,0.0018890895196707993,0.0018890895196707993,1.0,0.5517241379310345
raw_sector_return,Health Care,10,2,OLS,58,2021-06-01,2026-03-01,-0.2417681341926996,0.0023458111681645914,0.0018890895196707993,1.2417681341926996,0.4827586206896552
raw_sector_return,Health Care,10,2,Ridge,58,2021-06-01,2026-03-01,-0.008572010637118765,0.0019052828151278867,0.0018890895196707993,1.0085720106371188,0.5517241379310345
raw_sector_return,Health Care,10,2,Lasso,58,2021-06-01,2026-03-01,0.0020916494756754167,0.001885138206567476,0.0018890895196707993,0.9979083505243246,0.5517241379310345
raw_sector_return,Health Care,10,2,ElasticNet,58,2021-06-01,2026-03-01,0.001235338756532034,0.0018867558541725915,0.0018890895196707993,0.998764661243468,0.5517241379310345
raw_sector_return,Health Care,13,2,OLS,58,2021-06-01,2026-03-01,-0.5867041890568645,0.0029974262543650773,0.0018890895196707993,1.5867041890568645,0.46551724137931033
raw_sector_return,Health Care,13,2,Ridge,58,2021-06-01,2026-03-01,-0.024980413114936484,0.0019362797562832727,0.0018890895196707993,1.0249804131149365,0.5517241379310345
raw_sector_return,Health Care,13,2,Lasso,58,2021-06-01,2026-03-01,0.002999387170900869,0.0018834234088008154,0.0018890895196707993,0.9970006128290991,0.5517241379310345
raw_sector_return,Health Care,13,2,ElasticNet,58,2021-06-01,2026-03-01,0.0012870595334752988,0.0018866581489949187,0.0018890895196707993,0.9987129404665247,0.5517241379310345
raw_sector_return,Consumer Discretionary,5,1,OLS,59,2021-06-01,2026-04-01,-0.15724110597989416,0.0049643086654754314,0.004289779061444505,1.1572411059798942,0.5423728813559322
raw_sector_return,Consumer Discretionary,5,1,Ridge,59,2021-06-01,2026-04-01,-0.010010164868343052,0.0043327204570983305,0.004289779061444505,1.010010164868343,0.576271186440678
raw_sector_return,Consumer Discretionary,5,1,Lasso,59,2021-06-01,2026-04-01,0.03314437524567093,0.0041475970145109665,0.004289779061444505,0.9668556247543291,0.6101694915254238
raw_sector_return,Consumer Discretionary,5,1,ElasticNet,59,2021-06-01,2026-04-01,0.037990444118766176,0.0041268084497288445,0.004289779061444505,0.9620095558812338,0.6101694915254238
raw_sector_return,Consumer Discretionary,10,1,OLS,59,2021-06-01,2026-04-01,-0.28856190461160547,0.0055276458777779175,0.004289779061444505,1.2885619046116055,0.559322033898305
raw_sector_return,Consumer Discretionary,10,1,Ridge,59,2021-06-01,2026-04-01,-0.01968120923985528,0.0043742071007455445,0.004289779061444505,1.0196812092398553,0.5423728813559322
raw_sector_return,Consumer Discretionary,10,1,Lasso,59,2021-06-01,2026-04-01,-9.252014074867532e-07,0.004289783030354131,0.004289779061444505,1.0000009252014075,0.576271186440678
raw_sector_return,Consumer Discretionary,10,1,ElasticNet,59,2021-06-01,2026-04-01,-1.2854914756665892e-05,0.004289834206188665,0.004289779061444505,1.0000128549147567,0.576271186440678
raw_sector_return,Consumer Discretionary,13,1,OLS,59,2021-06-01,2026-04-01,-0.5132544481216512,0.00649152724619002,0.004289779061444505,1.5132544481216512,0.4406779661016949
raw_sector_return,Consumer Discretionary,13,1,Ridge,59,2021-06-01,2026-04-01,-0.043706811714192995,0.0044772716271785475,0.004289779061444505,1.043706811714193,0.5254237288135594
raw_sector_return,Consumer Discretionary,13,1,Lasso,59,2021-06-01,2026-04-01,-0.02846988656664129,0.004411908584719784,0.004289779061444505,1.0284698865666413,0.576271186440678
raw_sector_return,Consumer Discretionary,13,1,ElasticNet,59,2021-06-01,2026-04-01,-0.02859897161564806,0.004412462331060158,0.004289779061444505,1.028598971615648,0.576271186440678
raw_sector_return,Consumer Discretionary,5,2,OLS,58,2021-06-01,2026-03-01,-0.17065190529875407,0.005102884841262134,0.004359011263864865,1.170651905298754,0.5517241379310345
raw_sector_return,Consumer Discretionary,5,2,Ridge,58,2021-06-01,2026-03-01,-0.007203410599855742,0.00439041101180788,0.004359011263864865,1.0072034105998557,0.5517241379310345
raw_sector_return,Consumer Discretionary,5,2,Lasso,58,2021-06-01,2026-03-01,-0.0056814970708956025,0.004383776973592515,0.004359011263864865,1.0056814970708956,0.5517241379310345
raw_sector_return,Consumer Discretionary,5,2,ElasticNet,58,2021-06-01,2026-03-01,-0.005683725684406671,0.004383786688143911,0.004359011263864865,1.0056837256844067,0.5862068965517241
raw_sector_return,Consumer Discretionary,10,2,OLS,58,2021-06-01,2026-03-01,-0.26083496090762015,0.005495993796470933,0.004359011263864865,1.2608349609076202,0.5689655172413793
raw_sector_return,Consumer Discretionary,10,2,Ridge,58,2021-06-01,2026-03-01,0.011858781867789436,0.004307318700127454,0.004359011263864865,0.9881412181322106,0.5862068965517241
raw_sector_return,Consumer Discretionary,10,2,Lasso,58,2021-06-01,2026-03-01,-0.00025718939256202944,0.00436013235532399,0.004359011263864865,1.000257189392562,0.5689655172413793
raw_sector_return,Consumer Discretionary,10,2,ElasticNet,58,2021-06-01,2026-03-01,-0.0012289790809782986,0.004364368397521904,0.004359011263864865,1.0012289790809783,0.5689655172413793
raw_sector_return,Consumer Discretionary,13,2,OLS,58,2021-06-01,2026-03-01,-0.4802402935833878,0.006452384112956623,0.004359011263864865,1.4802402935833878,0.5
raw_sector_return,Consumer Discretionary,13,2,Ridge,58,2021-06-01,2026-03-01,-0.07843851777803379,0.004700925646380179,0.004359011263864865,1.0784385177780338,0.5172413793103449
raw_sector_return,Consumer Discretionary,13,2,Lasso,58,2021-06-01,2026-03-01,-0.021115290196478176,0.004451053051671089,0.004359011263864865,1.0211152901964782,0.5172413793103449
raw_sector_return,Consumer Discretionary,13,2,ElasticNet,58,2021-06-01,2026-03-01,-0.03458874557813263,0.0045097839954429016,0.004359011263864865,1.0345887455781326,0.5
sector_excess_return,Materials_excess,5,1,OLS,59,2021-06-01,2026-04-01,-0.1699887335365884,0.0016473004321057641,0.001407962645184095,1.1699887335365884,0.4406779661016949
sector_excess_return,Materials_excess,5,1,Ridge,59,2021-06-01,2026-04-01,-0.04098805648168824,0.0014656722976090079,0.001407962645184095,1.0409880564816882,0.5254237288135594
sector_excess_return,Materials_excess,5,1,Lasso,59,2021-06-01,2026-04-01,-0.012471297559247807,0.0014255217662844915,0.001407962645184095,1.0124712975592478,0.559322033898305
sector_excess_return,Materials_excess,5,1,ElasticNet,59,2021-06-01,2026-04-01,-0.017344486577965723,0.0014323830343857676,0.001407962645184095,1.0173444865779657,0.576271186440678
sector_excess_return,Materials_excess,10,1,OLS,59,2021-06-01,2026-04-01,-0.3031669392139855,0.001834810370852184,0.001407962645184095,1.3031669392139855,0.4067796610169492
sector_excess_return,Materials_excess,10,1,Ridge,59,2021-06-01,2026-04-01,-0.09846948830355662,0.001546604006405895,0.001407962645184095,1.0984694883035566,0.4406779661016949
sector_excess_return,Materials_excess,10,1,Lasso,59,2021-06-01,2026-04-01,-0.09937813920436822,0.0015478833529317503,0.001407962645184095,1.0993781392043682,0.4915254237288136
sector_excess_return,Materials_excess,10,1,ElasticNet,59,2021-06-01,2026-04-01,-0.07439530237207914,0.001512708451901158,0.001407962645184095,1.0743953023720791,0.5254237288135594
sector_excess_return,Materials_excess,13,1,OLS,59,2021-06-01,2026-04-01,-0.2613804442042711,0.0017759765468053342,0.001407962645184095,1.261380444204271,0.5084745762711864
sector_excess_return,Materials_excess,13,1,Ridge,59,2021-06-01,2026-04-01,-0.043954464249364555,0.00146984888893628,0.001407962645184095,1.0439544642493646,0.5254237288135594
sector_excess_return,Materials_excess,13,1,Lasso,59,2021-06-01,2026-04-01,-0.02572991982765882,0.00144418941116502,0.001407962645184095,1.0257299198276588,0.5423728813559322
sector_excess_return,Materials_excess,13,1,ElasticNet,59,2021-06-01,2026-04-01,0.024401707317696864,0.0013736059528020625,0.001407962645184095,0.9755982926823031,0.6101694915254238
sector_excess_return,Materials_excess,5,2,OLS,58,2021-06-01,2026-03-01,-0.17029053962854213,0.0016753244356414716,0.0014315457392086845,1.1702905396285421,0.41379310344827586
sector_excess_return,Materials_excess,5,2,Ridge,58,2021-06-01,2026-03-01,-0.010503290715280444,0.0014465816802798142,0.0014315457392086845,1.0105032907152804,0.5
sector_excess_return,Materials_excess,5,2,Lasso,58,2021-06-01,2026-03-01,-0.025800006090163752,0.0014684796279986164,0.0014315457392086845,1.0258000060901638,0.5
sector_excess_return,Materials_excess,5,2,ElasticNet,58,2021-06-01,2026-03-01,-0.026518631627310718,0.0014695083733244057,0.0014315457392086845,1.0265186316273107,0.4827586206896552
sector_excess_return,Materials_excess,10,2,OLS,58,2021-06-01,2026-03-01,-0.3801333033511687,0.0019757239499523724,0.0014315457392086845,1.3801333033511687,0.41379310344827586
sector_excess_return,Materials_excess,10,2,Ridge,58,2021-06-01,2026-03-01,-0.052328868045495414,0.0015064569072968268,0.0014315457392086845,1.0523288680454954,0.4827586206896552
sector_excess_return,Materials_excess,10,2,Lasso,58,2021-06-01,2026-03-01,-0.04998592948063818,0.001503102883577078,0.0014315457392086845,1.0499859294806382,0.46551724137931033
sector_excess_return,Materials_excess,10,2,ElasticNet,58,2021-06-01,2026-03-01,-0.03795870447358185,0.001485885360863722,0.0014315457392086845,1.0379587044735819,0.4827586206896552
sector_excess_return,Materials_excess,13,2,OLS,58,2021-06-01,2026-03-01,-0.5183513790281151,0.0021735894472693284,0.0014315457392086845,1.5183513790281151,0.4827586206896552
sector_excess_return,Materials_excess,13,2,Ridge,58,2021-06-01,2026-03-01,-0.0613545246991436,0.0015193775476229174,0.0014315457392086845,1.0613545246991436,0.4827586206896552
sector_excess_return,Materials_excess,13,2,Lasso,58,2021-06-01,2026-03-01,-0.054162923028138854,0.0015090824408927046,0.0014315457392086845,1.0541629230281389,0.46551724137931033
sector_excess_return,Materials_excess,13,2,ElasticNet,58,2021-06-01,2026-03-01,-0.05050542337920261,0.0015038465628541128,0.0014315457392086845,1.0505054233792026,0.4827586206896552
sector_excess_return,Communication Services_excess,5,1,OLS,34,2023-07-01,2026-04-01,0.05683862767887371,0.00044323333549967016,0.0004699443260795022,0.9431613723211263,0.5294117647058824
sector_excess_return,Communication Services_excess,5,1,Ridge,34,2023-07-01,2026-04-01,0.050755395827384975,0.0004460921157925034,0.0004699443260795022,0.949244604172615,0.6176470588235294
sector_excess_return,Communication Services_excess,5,1,Lasso,34,2023-07-01,2026-04-01,0.017151237925123297,0.0004618841991313509,0.0004699443260795022,0.9828487620748767,0.4117647058823529
sector_excess_return,Communication Services_excess,5,1,ElasticNet,34,2023-07-01,2026-04-01,0.026842121885481296,0.00045733002319948583,0.0004699443260795022,0.9731578781145187,0.4117647058823529
sector_excess_return,Communication Services_excess,10,1,OLS,34,2023-07-01,2026-04-01,-0.15318501341409552,0.0005419327539738688,0.0004699443260795022,1.1531850134140955,0.5
sector_excess_return,Communication Services_excess,10,1,Ridge,34,2023-07-01,2026-04-01,0.0812584396459114,0.00043175738342183243,0.0004699443260795022,0.9187415603540886,0.5294117647058824
sector_excess_return,Communication Services_excess,10,1,Lasso,34,2023-07-01,2026-04-01,-0.0601886415209667,0.0004982296366567137,0.0004699443260795022,1.0601886415209667,0.38235294117647056
sector_excess_return,Communication Services_excess,10,1,ElasticNet,34,2023-07-01,2026-04-01,-0.014467127856022666,0.0004767430707301068,0.0004699443260795022,1.0144671278560227,0.4411764705882353
sector_excess_return,Communication Services_excess,13,1,OLS,34,2023-07-01,2026-04-01,-0.22041628503139288,0.0005735277086055276,0.0004699443260795022,1.2204162850313929,0.5
sector_excess_return,Communication Services_excess,13,1,Ridge,34,2023-07-01,2026-04-01,0.09713518999166426,0.00042429619468026513,0.0004699443260795022,0.9028648100083357,0.5882352941176471
sector_excess_return,Communication Services_excess,13,1,Lasso,34,2023-07-01,2026-04-01,-0.10767292143635854,0.0005205446045809229,0.0004699443260795022,1.1076729214363585,0.3235294117647059
sector_excess_return,Communication Services_excess,13,1,ElasticNet,34,2023-07-01,2026-04-01,-0.15767870575633625,0.0005440445391932517,0.0004699443260795022,1.1576787057563362,0.3235294117647059
sector_excess_return,Communication Services_excess,5,2,OLS,33,2023-07-01,2026-03-01,0.020684848273443412,0.0004728881075316288,0.00048287633117685913,0.9793151517265566,0.5151515151515151
sector_excess_return,Communication Services_excess,5,2,Ridge,33,2023-07-01,2026-03-01,0.0518336774570024,0.00045784707517501714,0.00048287633117685913,0.9481663225429976,0.5151515151515151
sector_excess_return,Communication Services_excess,5,2,Lasso,33,2023-07-01,2026-03-01,0.06681539752128562,0.0004506127571556573,0.00048287633117685913,0.9331846024787144,0.5151515151515151
sector_excess_return,Communication Services_excess,5,2,ElasticNet,33,2023-07-01,2026-03-01,0.087337042807483,0.00044070334037014545,0.00048287633117685913,0.912662957192517,0.5757575757575758
sector_excess_return,Communication Services_excess,10,2,OLS,33,2023-07-01,2026-03-01,-0.13554592990674608,0.0005483282525161843,0.00048287633117685913,1.135545929906746,0.42424242424242425
sector_excess_return,Communication Services_excess,10,2,Ridge,33,2023-07-01,2026-03-01,0.10248121296911084,0.00043339057904378056,0.00048287633117685913,0.8975187870308892,0.48484848484848486
sector_excess_return,Communication Services_excess,10,2,Lasso,33,2023-07-01,2026-03-01,0.043771390184755066,0.00046174016287393383,0.00048287633117685913,0.9562286098152449,0.5151515151515151
sector_excess_return,Communication Services_excess,10,2,ElasticNet,33,2023-07-01,2026-03-01,0.038339883785698636,0.0004643629087566738,0.00048287633117685913,0.9616601162143014,0.5151515151515151
sector_excess_return,Communication Services_excess,13,2,OLS,33,2023-07-01,2026-03-01,-0.3582850592951028,0.0006558837061247618,0.00048287633117685913,1.3582850592951028,0.42424242424242425
sector_excess_return,Communication Services_excess,13,2,Ridge,33,2023-07-01,2026-03-01,0.02691577549902635,0.0004698793402531093,0.00048287633117685913,0.9730842245009736,0.45454545454545453
sector_excess_return,Communication Services_excess,13,2,Lasso,33,2023-07-01,2026-03-01,0.0442325371066028,0.0004615174859401785,0.00048287633117685913,0.9557674628933972,0.45454545454545453
sector_excess_return,Communication Services_excess,13,2,ElasticNet,33,2023-07-01,2026-03-01,0.026836760511890434,0.0004699174947202055,0.00048287633117685913,0.9731632394881096,0.45454545454545453
sector_excess_return,Energy_excess,5,1,OLS,59,2021-06-01,2026-04-01,-0.07518151356179925,0.006565693045235562,0.006106590340718483,1.0751815135617993,0.4576271186440678
sector_excess_return,Energy_excess,5,1,Ridge,59,2021-06-01,2026-04-01,-0.0017559879850970184,0.006117313439986695,0.006106590340718483,1.001755987985097,0.423728813559322
sector_excess_return,Energy_excess,5,1,Lasso,59,2021-06-01,2026-04-01,-0.004148903428039308,0.006131925994316722,0.006106590340718483,1.0041489034280393,0.4406779661016949
sector_excess_return,Energy_excess,5,1,ElasticNet,59,2021-06-01,2026-04-01,-0.008952746855373395,0.006161261098188405,0.006106590340718483,1.0089527468553734,0.4406779661016949
sector_excess_return,Energy_excess,10,1,OLS,59,2021-06-01,2026-04-01,-0.23202236325463366,0.007523455862999904,0.006106590340718483,1.2320223632546337,0.4915254237288136
sector_excess_return,Energy_excess,10,1,Ridge,59,2021-06-01,2026-04-01,0.0020327676538519635,0.006094177061398546,0.006106590340718483,0.997967232346148,0.4406779661016949
sector_excess_return,Energy_excess,10,1,Lasso,59,2021-06-01,2026-04-01,-0.019022549821704704,0.006222753259715542,0.006106590340718483,1.0190225498217047,0.3728813559322034
sector_excess_return,Energy_excess,10,1,ElasticNet,59,2021-06-01,2026-04-01,-0.02552451679473089,0.006262458108428694,0.006106590340718483,1.025524516794731,0.4067796610169492
sector_excess_return,Energy_excess,13,1,OLS,59,2021-06-01,2026-04-01,-0.49269445275146917,0.009115273526816185,0.006106590340718483,1.4926944527514692,0.4406779661016949
sector_excess_return,Energy_excess,13,1,Ridge,59,2021-06-01,2026-04-01,-0.027952041170574704,0.00627728200533408,0.006106590340718483,1.0279520411705747,0.423728813559322
sector_excess_return,Energy_excess,13,1,Lasso,59,2021-06-01,2026-04-01,-0.12350291328506025,0.006860772038035625,0.006106590340718483,1.1235029132850602,0.3728813559322034
sector_excess_return,Energy_excess,13,1,ElasticNet,59,2021-06-01,2026-04-01,-0.12736623357432708,0.006884363752397164,0.006106590340718483,1.127366233574327,0.3728813559322034
sector_excess_return,Energy_excess,5,2,OLS,58,2021-06-01,2026-03-01,-0.02638939720324318,0.006213110003386164,0.006053365340986525,1.0263893972032432,0.5172413793103449
sector_excess_return,Energy_excess,5,2,Ridge,58,2021-06-01,2026-03-01,0.0027988784055832383,0.006036422707452532,0.006053365340986525,0.9972011215944168,0.4482758620689655
sector_excess_return,Energy_excess,5,2,Lasso,58,2021-06-01,2026-03-01,0.0002998037762175221,0.0060515505191984734,0.006053365340986525,0.9997001962237825,0.43103448275862066
sector_excess_return,Energy_excess,5,2,ElasticNet,58,2021-06-01,2026-03-01,-0.004280890586437103,0.006079279135691019,0.006053365340986525,1.004280890586437,0.41379310344827586
sector_excess_return,Energy_excess,10,2,OLS,58,2021-06-01,2026-03-01,-0.18966714986907451,0.007201489892327678,0.006053365340986525,1.1896671498690745,0.5172413793103449
sector_excess_return,Energy_excess,10,2,Ridge,58,2021-06-01,2026-03-01,0.0028460562584236015,0.006036137122673286,0.006053365340986525,0.9971539437415764,0.4827586206896552
sector_excess_return,Energy_excess,10,2,Lasso,58,2021-06-01,2026-03-01,-0.05378963148474902,0.006378973631920743,0.006053365340986525,1.053789631484749,0.4482758620689655
sector_excess_return,Energy_excess,10,2,ElasticNet,58,2021-06-01,2026-03-01,-0.04480434271488032,0.0063245823963024635,0.006053365340986525,1.0448043427148803,0.43103448275862066
sector_excess_return,Energy_excess,13,2,OLS,58,2021-06-01,2026-03-01,-0.24890097301827763,0.00756005386439319,0.006053365340986525,1.2489009730182776,0.5
sector_excess_return,Energy_excess,13,2,Ridge,58,2021-06-01,2026-03-01,-0.0016633158517098678,0.006063433999514379,0.006053365340986525,1.0016633158517099,0.43103448275862066
sector_excess_return,Energy_excess,13,2,Lasso,58,2021-06-01,2026-03-01,0.027265205277739568,0.005888319092343374,0.006053365340986525,0.9727347947222604,0.46551724137931033
sector_excess_return,Energy_excess,13,2,ElasticNet,58,2021-06-01,2026-03-01,0.016224256649279067,0.005955153988102509,0.006053365340986525,0.9837757433507209,0.43103448275862066
sector_excess_return,Financials_excess,5,1,OLS,59,2021-06-01,2026-04-01,-0.19203632066246112,0.001251677184335684,0.0010500327570892119,1.1920363206624611,0.4067796610169492
sector_excess_return,Financials_excess,5,1,Ridge,59,2021-06-01,2026-04-01,-0.1489791255893047,0.0012064657190804895,0.0010500327570892119,1.1489791255893047,0.4067796610169492
sector_excess_return,Financials_excess,5,1,Lasso,59,2021-06-01,2026-04-01,-0.06744729181414733,0.0011208546228710216,0.0010500327570892119,1.0674472918141473,0.4576271186440678
sector_excess_return,Financials_excess,5,1,ElasticNet,59,2021-06-01,2026-04-01,-0.07722007540553388,0.0011311163657699214,0.0010500327570892119,1.0772200754055339,0.4745762711864407
sector_excess_return,Financials_excess,10,1,OLS,59,2021-06-01,2026-04-01,-0.6637977759486378,0.0017470421659182469,0.0010500327570892119,1.6637977759486378,0.5932203389830508
sector_excess_return,Financials_excess,10,1,Ridge,59,2021-06-01,2026-04-01,-0.16251544432306098,0.0012206792971613339,0.0010500327570892119,1.162515444323061,0.559322033898305
sector_excess_return,Financials_excess,10,1,Lasso,59,2021-06-01,2026-04-01,-0.05130469168932272,0.0011039043639553634,0.0010500327570892119,1.0513046916893227,0.4915254237288136
sector_excess_return,Financials_excess,10,1,ElasticNet,59,2021-06-01,2026-04-01,-0.05907204794965781,0.0011120603424646972,0.0010500327570892119,1.0590720479496578,0.4915254237288136
sector_excess_return,Financials_excess,13,1,OLS,59,2021-06-01,2026-04-01,-0.9696591373068248,0.002068206614472244,0.0010500327570892119,1.9696591373068248,0.5084745762711864
sector_excess_return,Financials_excess,13,1,Ridge,59,2021-06-01,2026-04-01,-0.3845590891444721,0.0014538323977272979,0.0010500327570892119,1.3845590891444721,0.5084745762711864
sector_excess_return,Financials_excess,13,1,Lasso,59,2021-06-01,2026-04-01,-0.048544869053736006,0.001101006459784241,0.0010500327570892119,1.048544869053736,0.4745762711864407
sector_excess_return,Financials_excess,13,1,ElasticNet,59,2021-06-01,2026-04-01,-0.07964273680423939,0.0011336602395978978,0.0010500327570892119,1.0796427368042394,0.4745762711864407
sector_excess_return,Financials_excess,5,2,OLS,58,2021-06-01,2026-03-01,-0.1270538877486429,0.0011878123996819994,0.0010539091454222524,1.127053887748643,0.46551724137931033
sector_excess_return,Financials_excess,5,2,Ridge,58,2021-06-01,2026-03-01,-0.07968671472798072,0.0011378917028427255,0.0010539091454222524,1.0796867147279807,0.5
sector_excess_return,Financials_excess,5,2,Lasso,58,2021-06-01,2026-03-01,-0.06561236805808135,0.0011230586201714753,0.0010539091454222524,1.0656123680580813,0.5344827586206896
sector_excess_return,Financials_excess,5,2,ElasticNet,58,2021-06-01,2026-03-01,-0.07080856706855498,0.0011285349418300474,0.0010539091454222524,1.070808567068555,0.5517241379310345
sector_excess_return,Financials_excess,10,2,OLS,58,2021-06-01,2026-03-01,-0.199665996980958,0.0012643389656703358,0.0010539091454222524,1.199665996980958,0.5517241379310345
sector_excess_return,Financials_excess,10,2,Ridge,58,2021-06-01,2026-03-01,-0.048126610839787975,0.0011046302207244826,0.0010539091454222524,1.048126610839788,0.5517241379310345
sector_excess_return,Financials_excess,10,2,Lasso,58,2021-06-01,2026-03-01,-0.047117026776866355,0.001103566210847497,0.0010539091454222524,1.0471170267768664,0.5172413793103449
sector_excess_return,Financials_excess,10,2,ElasticNet,58,2021-06-01,2026-03-01,-0.05150762876692028,0.001108193506438724,0.0010539091454222524,1.0515076287669203,0.5172413793103449
sector_excess_return,Financials_excess,13,2,OLS,58,2021-06-01,2026-03-01,-0.3447971815187665,0.0014172940483406968,0.0010539091454222524,1.3447971815187665,0.5689655172413793
sector_excess_return,Financials_excess,13,2,Ridge,58,2021-06-01,2026-03-01,-0.024343663484595046,0.0010795651550017488,0.0010539091454222524,1.024343663484595,0.5862068965517241
sector_excess_return,Financials_excess,13,2,Lasso,58,2021-06-01,2026-03-01,0.014283429493352595,0.0010388557084512141,0.0010539091454222524,0.9857165705066474,0.5689655172413793
sector_excess_return,Financials_excess,13,2,ElasticNet,58,2021-06-01,2026-03-01,0.01697010914897279,0.0010360241921913362,0.0010539091454222524,0.9830298908510272,0.5689655172413793
sector_excess_return,Industrials_excess,5,1,OLS,59,2021-06-01,2026-04-01,-0.18503525900434536,0.0008335441710710693,0.0007033918735645086,1.1850352590043454,0.4406779661016949
sector_excess_return,Industrials_excess,5,1,Ridge,59,2021-06-01,2026-04-01,-0.011670223066217789,0.0007116006136319712,0.0007033918735645086,1.0116702230662178,0.4576271186440678
sector_excess_return,Industrials_excess,5,1,Lasso,59,2021-06-01,2026-04-01,-0.006943881520118822,0.0007082761433967551,0.0007033918735645086,1.0069438815201188,0.4067796610169492
sector_excess_return,Industrials_excess,5,1,ElasticNet,59,2021-06-01,2026-04-01,-0.005431459998211485,0.0007072123183888414,0.0007033918735645086,1.0054314599982115,0.4067796610169492
sector_excess_return,Industrials_excess,10,1,OLS,59,2021-06-01,2026-04-01,-0.3782826260341312,0.0009694727986275586,0.0007033918735645086,1.3782826260341312,0.4576271186440678
sector_excess_return,Industrials_excess,10,1,Ridge,59,2021-06-01,2026-04-01,-0.010911314820430507,0.0007110668037391034,0.0007033918735645086,1.0109113148204305,0.5084745762711864
sector_excess_return,Industrials_excess,10,1,Lasso,59,2021-06-01,2026-04-01,0.012207229615209925,0.000694805407454434,0.0007033918735645086,0.9877927703847901,0.5084745762711864
sector_excess_return,Industrials_excess,10,1,ElasticNet,59,2021-06-01,2026-04-01,0.009821680324370141,0.0006964833834395982,0.0007033918735645086,0.9901783196756299,0.5254237288135594
sector_excess_return,Industrials_excess,13,1,OLS,59,2021-06-01,2026-04-01,-0.3745019303429229,0.0009668134880019423,0.0007033918735645086,1.374501930342923,0.4915254237288136
sector_excess_return,Industrials_excess,13,1,Ridge,59,2021-06-01,2026-04-01,-0.01627796903022527,0.0007148416646985038,0.0007033918735645086,1.0162779690302253,0.5254237288135594
sector_excess_return,Industrials_excess,13,1,Lasso,59,2021-06-01,2026-04-01,-0.002842117455688964,0.0007053909958865561,0.0007033918735645086,1.002842117455689,0.4915254237288136
sector_excess_return,Industrials_excess,13,1,ElasticNet,59,2021-06-01,2026-04-01,-0.002835138629826872,0.0007053860870371577,0.0007033918735645086,1.0028351386298269,0.5254237288135594
sector_excess_return,Industrials_excess,5,2,OLS,58,2021-06-01,2026-03-01,-0.1806930420833326,0.0008409030738768516,0.0007122114249043751,1.1806930420833326,0.3793103448275862
sector_excess_return,Industrials_excess,5,2,Ridge,58,2021-06-01,2026-03-01,-0.022330414059497983,0.0007281154009203949,0.0007122114249043751,1.022330414059498,0.39655172413793105
sector_excess_return,Industrials_excess,5,2,Lasso,58,2021-06-01,2026-03-01,-0.015378981463891828,0.0007231645112063514,0.0007122114249043751,1.0153789814638918,0.41379310344827586
sector_excess_return,Industrials_excess,5,2,ElasticNet,58,2021-06-01,2026-03-01,-0.023536445708122855,0.0007289743504393417,0.0007122114249043751,1.0235364457081229,0.3793103448275862
sector_excess_return,Industrials_excess,10,2,OLS,58,2021-06-01,2026-03-01,-0.5390089655325498,0.0010960997682825456,0.0007122114249043751,1.5390089655325498,0.43103448275862066
sector_excess_return,Industrials_excess,10,2,Ridge,58,2021-06-01,2026-03-01,-0.12391804360758552,0.000800467271313496,0.0007122114249043751,1.1239180436075855,0.41379310344827586
sector_excess_return,Industrials_excess,10,2,Lasso,58,2021-06-01,2026-03-01,-0.0621428767091341,0.0007564702916730444,0.0007122114249043751,1.062142876709134,0.5172413793103449
sector_excess_return,Industrials_excess,10,2,ElasticNet,58,2021-06-01,2026-03-01,-0.06653331213992253,0.0007595972099471569,0.0007122114249043751,1.0665333121399225,0.4482758620689655
sector_excess_return,Industrials_excess,13,2,OLS,58,2021-06-01,2026-03-01,-0.6370011813406684,0.0011658909439327828,0.0007122114249043751,1.6370011813406684,0.4482758620689655
sector_excess_return,Industrials_excess,13,2,Ridge,58,2021-06-01,2026-03-01,-0.18332934946034407,0.0008427806821103189,0.0007122114249043751,1.183329349460344,0.3793103448275862
sector_excess_return,Industrials_excess,13,2,Lasso,58,2021-06-01,2026-03-01,-0.06314357513724067,0.0007571830005264257,0.0007122114249043751,1.0631435751372407,0.4482758620689655
sector_excess_return,Industrials_excess,13,2,ElasticNet,58,2021-06-01,2026-03-01,-0.059651300687954434,0.0007546957627647424,0.0007122114249043751,1.0596513006879544,0.46551724137931033
sector_excess_return,Technology_excess,5,1,OLS,59,2021-06-01,2026-04-01,-0.08230615306935185,0.0011230452267383393,0.0010376409886920202,1.0823061530693519,0.423728813559322
sector_excess_return,Technology_excess,5,1,Ridge,59,2021-06-01,2026-04-01,0.0003303359368650449,0.001037298218583891,0.0010376409886920202,0.999669664063135,0.4745762711864407
sector_excess_return,Technology_excess,5,1,Lasso,59,2021-06-01,2026-04-01,0.005349126105419932,0.001032090516191354,0.0010376409886920202,0.9946508738945801,0.4915254237288136
sector_excess_return,Technology_excess,5,1,ElasticNet,59,2021-06-01,2026-04-01,0.004252730138469052,0.0010332281815864988,0.0010376409886920202,0.995747269861531,0.4745762711864407
sector_excess_return,Technology_excess,10,1,OLS,59,2021-06-01,2026-04-01,-0.09528471336571398,0.0011365123128760555,0.0010376409886920202,1.095284713365714,0.423728813559322
sector_excess_return,Technology_excess,10,1,Ridge,59,2021-06-01,2026-04-01,0.0036302228126605662,0.0010338741207035187,0.0010376409886920202,0.9963697771873394,0.4745762711864407
sector_excess_return,Technology_excess,10,1,Lasso,59,2021-06-01,2026-04-01,-0.029341721187140957,0.0010680871612745709,0.0010376409886920202,1.029341721187141,0.4576271186440678
sector_excess_return,Technology_excess,10,1,ElasticNet,59,2021-06-01,2026-04-01,-0.007457959297735517,0.0010453796729513474,0.0010376409886920202,1.0074579592977355,0.4576271186440678
sector_excess_return,Technology_excess,13,1,OLS,59,2021-06-01,2026-04-01,-0.29462198580196386,0.0013433528373299763,0.0010376409886920202,1.2946219858019639,0.3559322033898305
sector_excess_return,Technology_excess,13,1,Ridge,59,2021-06-01,2026-04-01,-0.08482553180325758,0.0011256594373786788,0.0010376409886920202,1.0848255318032576,0.4745762711864407
sector_excess_return,Technology_excess,13,1,Lasso,59,2021-06-01,2026-04-01,-0.09081360093368596,0.0011318729033515326,0.0010376409886920202,1.090813600933686,0.5084745762711864
sector_excess_return,Technology_excess,13,1,ElasticNet,59,2021-06-01,2026-04-01,-0.0807648425340961,0.001121445899750655,0.0010376409886920202,1.080764842534096,0.5084745762711864
sector_excess_return,Technology_excess,5,2,OLS,58,2021-06-01,2026-03-01,-0.055065431108727525,0.0011123993016120082,0.001054341530688794,1.0550654311087275,0.39655172413793105
sector_excess_return,Technology_excess,5,2,Ridge,58,2021-06-01,2026-03-01,-0.008699018398119707,0.0010635132670621574,0.001054341530688794,1.0086990183981197,0.46551724137931033
sector_excess_return,Technology_excess,5,2,Lasso,58,2021-06-01,2026-03-01,0.0005827886606785126,0.0010537270724002262,0.001054341530688794,0.9994172113393215,0.46551724137931033
sector_excess_return,Technology_excess,5,2,ElasticNet,58,2021-06-01,2026-03-01,0.005119398214505355,0.001048943936539107,0.001054341530688794,0.9948806017854946,0.46551724137931033
sector_excess_return,Technology_excess,10,2,OLS,58,2021-06-01,2026-03-01,-0.14405832432278398,0.0012062282048637407,0.001054341530688794,1.144058324322784,0.43103448275862066
sector_excess_return,Technology_excess,10,2,Ridge,58,2021-06-01,2026-03-01,-0.0070472105062755475,0.0010617716974010668,0.001054341530688794,1.0070472105062755,0.4827586206896552
sector_excess_return,Technology_excess,10,2,Lasso,58,2021-06-01,2026-03-01,-0.01652738634315254,0.0010717670405041185,0.001054341530688794,1.0165273863431525,0.46551724137931033
sector_excess_return,Technology_excess,10,2,ElasticNet,58,2021-06-01,2026-03-01,-0.01913326609888788,0.0010745145277545715,0.001054341530688794,1.0191332660988879,0.46551724137931033
sector_excess_return,Technology_excess,13,2,OLS,58,2021-06-01,2026-03-01,-0.1710542077923367,0.0012346910859633252,0.001054341530688794,1.1710542077923367,0.39655172413793105
sector_excess_return,Technology_excess,13,2,Ridge,58,2021-06-01,2026-03-01,-0.00892087043009071,0.0010637471748731321,0.001054341530688794,1.0089208704300907,0.5
sector_excess_return,Technology_excess,13,2,Lasso,58,2021-06-01,2026-03-01,0.011896831048639367,0.0010417982076306256,0.001054341530688794,0.9881031689513606,0.46551724137931033
sector_excess_return,Technology_excess,13,2,ElasticNet,58,2021-06-01,2026-03-01,-0.003916655434349048,0.0010584710231746261,0.001054341530688794,1.003916655434349,0.46551724137931033
sector_excess_return,Consumer Staples_excess,5,1,OLS,59,2021-06-01,2026-04-01,-0.2425541574934098,0.001995331618024986,0.0016058307044339586,1.2425541574934098,0.5423728813559322
sector_excess_return,Consumer Staples_excess,5,1,Ridge,59,2021-06-01,2026-04-01,-0.09700959146889221,0.0017616116850393002,0.0016058307044339586,1.0970095914688922,0.6271186440677966
sector_excess_return,Consumer Staples_excess,5,1,Lasso,59,2021-06-01,2026-04-01,-0.05560466209601578,0.0016951223781374158,0.0016058307044339586,1.0556046620960158,0.576271186440678
sector_excess_return,Consumer Staples_excess,5,1,ElasticNet,59,2021-06-01,2026-04-01,-0.049267283404661466,0.0016849456208492136,0.0016058307044339586,1.0492672834046615,0.5932203389830508
sector_excess_return,Consumer Staples_excess,10,1,OLS,59,2021-06-01,2026-04-01,-0.41772840678407896,0.0022766318061621113,0.0016058307044339586,1.417728406784079,0.6271186440677966
sector_excess_return,Consumer Staples_excess,10,1,Ridge,59,2021-06-01,2026-04-01,-0.007504100997524743,0.0016178810202249572,0.0016058307044339586,1.0075041009975247,0.576271186440678
sector_excess_return,Consumer Staples_excess,10,1,Lasso,59,2021-06-01,2026-04-01,-0.00033073963515395377,0.001606361816295262,0.0016058307044339586,1.000330739635154,0.576271186440678
sector_excess_return,Consumer Staples_excess,10,1,ElasticNet,59,2021-06-01,2026-04-01,0.0005231863133505765,0.0016049905557878406,0.0016058307044339586,0.9994768136866494,0.576271186440678
sector_excess_return,Consumer Staples_excess,13,1,OLS,59,2021-06-01,2026-04-01,-0.6008377680883767,0.002570674440813844,0.0016058307044339586,1.6008377680883767,0.5932203389830508
sector_excess_return,Consumer Staples_excess,13,1,Ridge,59,2021-06-01,2026-04-01,-0.0200989580597144,0.0016381062284133783,0.0016058307044339586,1.0200989580597144,0.5423728813559322
sector_excess_return,Consumer Staples_excess,13,1,Lasso,59,2021-06-01,2026-04-01,-0.018349399202465477,0.0016352967330811937,0.0016058307044339586,1.0183493992024655,0.559322033898305
sector_excess_return,Consumer Staples_excess,13,1,ElasticNet,59,2021-06-01,2026-04-01,-0.015657870457626455,0.0016309745935808647,0.0016058307044339586,1.0156578704576265,0.559322033898305
sector_excess_return,Consumer Staples_excess,5,2,OLS,58,2021-06-01,2026-03-01,-0.12486841820904826,0.0018351354122472362,0.001631422291301444,1.1248684182090483,0.5344827586206896
sector_excess_return,Consumer Staples_excess,5,2,Ridge,58,2021-06-01,2026-03-01,-0.019255123451711098,0.0016628355289223266,0.001631422291301444,1.019255123451711,0.603448275862069
sector_excess_return,Consumer Staples_excess,5,2,Lasso,58,2021-06-01,2026-03-01,-0.0041773643099356494,0.00163823733655556,0.001631422291301444,1.0041773643099356,0.5862068965517241
sector_excess_return,Consumer Staples_excess,5,2,ElasticNet,58,2021-06-01,2026-03-01,-0.007792296159223611,0.001644134816956024,0.001631422291301444,1.0077922961592236,0.5862068965517241
sector_excess_return,Consumer Staples_excess,10,2,OLS,58,2021-06-01,2026-03-01,-0.7450177793812038,0.0028468609039998412,0.001631422291301444,1.7450177793812038,0.6206896551724138
sector_excess_return,Consumer Staples_excess,10,2,Ridge,58,2021-06-01,2026-03-01,-0.009909546717303819,0.0016475889467127464,0.001631422291301444,1.0099095467173038,0.5862068965517241
sector_excess_return,Consumer Staples_excess,10,2,Lasso,58,2021-06-01,2026-03-01,-0.0003573979327455845,0.00163200535825579,0.001631422291301444,1.0003573979327456,0.5862068965517241
sector_excess_return,Consumer Staples_excess,10,2,ElasticNet,58,2021-06-01,2026-03-01,-0.0006168818451481872,0.0016324286860947177,0.001631422291301444,1.0006168818451482,0.5862068965517241
sector_excess_return,Consumer Staples_excess,13,2,OLS,58,2021-06-01,2026-03-01,-0.8323861636658707,0.0029893956336768373,0.001631422291301444,1.8323861636658707,0.603448275862069
sector_excess_return,Consumer Staples_excess,13,2,Ridge,58,2021-06-01,2026-03-01,-0.029550300218111003,0.00167963130979192,0.001631422291301444,1.029550300218111,0.5689655172413793
sector_excess_return,Consumer Staples_excess,13,2,Lasso,58,2021-06-01,2026-03-01,-0.0060911518640747175,0.0016413595322321978,0.001631422291301444,1.0060911518640747,0.5689655172413793
sector_excess_return,Consumer Staples_excess,13,2,ElasticNet,58,2021-06-01,2026-03-01,-0.014871061397233598,0.0016556832723602032,0.001631422291301444,1.0148710613972336,0.5862068965517241
sector_excess_return,Real Estate_excess,5,1,OLS,59,2021-06-01,2026-04-01,-0.194231707443818,0.00135525982185249,0.0011348382507389149,1.194231707443818,0.5084745762711864
sector_excess_return,Real Estate_excess,5,1,Ridge,59,2021-06-01,2026-04-01,-0.007708252619129441,0.0011435858706574614,0.0011348382507389149,1.0077082526191294,0.6440677966101694
sector_excess_return,Real Estate_excess,5,1,Lasso,59,2021-06-01,2026-04-01,3.92833149620575e-06,0.0011348337927180713,0.0011348382507389149,0.9999960716685038,0.6440677966101694
sector_excess_return,Real Estate_excess,5,1,ElasticNet,59,2021-06-01,2026-04-01,0.0,0.0011348382507389149,0.0011348382507389149,1.0,0.6440677966101694
sector_excess_return,Real Estate_excess,10,1,OLS,59,2021-06-01,2026-04-01,-0.4644013944981067,0.0016618587169118589,0.0011348382507389149,1.4644013944981067,0.4915254237288136
sector_excess_return,Real Estate_excess,10,1,Ridge,59,2021-06-01,2026-04-01,-0.011414178761961269,0.0011477914973987602,0.0011348382507389149,1.0114141787619613,0.6440677966101694
sector_excess_return,Real Estate_excess,10,1,Lasso,59,2021-06-01,2026-04-01,0.0,0.0011348382507389149,0.0011348382507389149,1.0,0.6440677966101694
sector_excess_return,Real Estate_excess,10,1,ElasticNet,59,2021-06-01,2026-04-01,0.0,0.0011348382507389149,0.0011348382507389149,1.0,0.6440677966101694
sector_excess_return,Real Estate_excess,13,1,OLS,59,2021-06-01,2026-04-01,-0.6430274087009629,0.0018645703504062928,0.0011348382507389149,1.6430274087009629,0.4576271186440678
sector_excess_return,Real Estate_excess,13,1,Ridge,59,2021-06-01,2026-04-01,-0.012721651621690144,0.0011492752676117836,0.0011348382507389149,1.0127216516216901,0.6440677966101694
sector_excess_return,Real Estate_excess,13,1,Lasso,59,2021-06-01,2026-04-01,-0.0034740243268469584,0.0011387807064290182,0.0011348382507389149,1.003474024326847,0.6440677966101694
sector_excess_return,Real Estate_excess,13,1,ElasticNet,59,2021-06-01,2026-04-01,-0.003183543972688385,0.0011384510582120309,0.0011348382507389149,1.0031835439726884,0.6440677966101694
sector_excess_return,Real Estate_excess,5,2,OLS,58,2021-06-01,2026-03-01,-0.09128910591649131,0.0012413508536857623,0.0011375087013658451,1.0912891059164913,0.5689655172413793
sector_excess_return,Real Estate_excess,5,2,Ridge,58,2021-06-01,2026-03-01,-0.01768356216265987,0.0011576239071970145,0.0011375087013658451,1.0176835621626599,0.6206896551724138
sector_excess_return,Real Estate_excess,5,2,Lasso,58,2021-06-01,2026-03-01,-0.007906580300269361,0.0011465025052554492,0.0011375087013658451,1.0079065803002694,0.6551724137931034
sector_excess_return,Real Estate_excess,5,2,ElasticNet,58,2021-06-01,2026-03-01,-0.006335038261102932,0.0011447148625113354,0.0011375087013658451,1.006335038261103,0.6551724137931034
sector_excess_return,Real Estate_excess,10,2,OLS,58,2021-06-01,2026-03-01,-0.4124889078927034,0.00160671842331069,0.0011375087013658451,1.4124889078927034,0.4827586206896552
sector_excess_return,Real Estate_excess,10,2,Ridge,58,2021-06-01,2026-03-01,-0.020056904319351254,0.0011603236045515694,0.0011375087013658451,1.0200569043193513,0.6379310344827587
sector_excess_return,Real Estate_excess,10,2,Lasso,58,2021-06-01,2026-03-01,-0.0024607035447352654,0.0011403077730594634,0.0011375087013658451,1.0024607035447353,0.6551724137931034
sector_excess_return,Real Estate_excess,10,2,ElasticNet,58,2021-06-01,2026-03-01,-0.0017596369218801922,0.0011395103036757285,0.0011375087013658451,1.0017596369218802,0.6551724137931034
sector_excess_return,Real Estate_excess,13,2,OLS,58,2021-06-01,2026-03-01,-0.4424823898755099,0.0016408362700503919,0.0011375087013658451,1.44248238987551,0.4827586206896552
sector_excess_return,Real Estate_excess,13,2,Ridge,58,2021-06-01,2026-03-01,-0.014147575982204508,0.0011536016921488371,0.0011375087013658451,1.0141475759822045,0.6551724137931034
sector_excess_return,Real Estate_excess,13,2,Lasso,58,2021-06-01,2026-03-01,-0.002532192931086641,0.0011403890928584934,0.0011375087013658451,1.0025321929310866,0.6551724137931034
sector_excess_return,Real Estate_excess,13,2,ElasticNet,58,2021-06-01,2026-03-01,-0.001929503804586341,0.0011397035287328806,0.0011375087013658451,1.0019295038045863,0.6551724137931034
sector_excess_return,Utilities_excess,5,1,OLS,59,2021-06-01,2026-04-01,-0.20176973727340353,0.0022686547633055474,0.001887761601030753,1.2017697372734035,0.3559322033898305
sector_excess_return,Utilities_excess,5,1,Ridge,59,2021-06-01,2026-04-01,-0.06846177859915281,0.0020170011178085026,0.001887761601030753,1.0684617785991528,0.4915254237288136
sector_excess_return,Utilities_excess,5,1,Lasso,59,2021-06-01,2026-04-01,-0.06321331956997045,0.002007093278388629,0.001887761601030753,1.0632133195699704,0.423728813559322
sector_excess_return,Utilities_excess,5,1,ElasticNet,59,2021-06-01,2026-04-01,-0.027997805720180402,0.0019406147835824288,0.001887761601030753,1.0279978057201804,0.4576271186440678
sector_excess_return,Utilities_excess,10,1,OLS,59,2021-06-01,2026-04-01,-0.23521611994579872,0.0023317935602078753,0.001887761601030753,1.2352161199457987,0.4745762711864407
sector_excess_return,Utilities_excess,10,1,Ridge,59,2021-06-01,2026-04-01,0.016495154728010664,0.0018566226813321535,0.001887761601030753,0.9835048452719893,0.4745762711864407
sector_excess_return,Utilities_excess,10,1,Lasso,59,2021-06-01,2026-04-01,0.005246884492467463,0.0018778567339608292,0.001887761601030753,0.9947531155075325,0.4576271186440678
sector_excess_return,Utilities_excess,10,1,ElasticNet,59,2021-06-01,2026-04-01,0.007899920583222753,0.0018728484343025526,0.001887761601030753,0.9921000794167772,0.4576271186440678
sector_excess_return,Utilities_excess,13,1,OLS,59,2021-06-01,2026-04-01,-0.5080598645677854,0.002846857504386703,0.001887761601030753,1.5080598645677854,0.5254237288135594
sector_excess_return,Utilities_excess,13,1,Ridge,59,2021-06-01,2026-04-01,-0.03145388856301001,0.0019471390440631037,0.001887761601030753,1.03145388856301,0.4576271186440678
sector_excess_return,Utilities_excess,13,1,Lasso,59,2021-06-01,2026-04-01,-0.01359402402040244,0.0019134238775799582,0.001887761601030753,1.0135940240204024,0.423728813559322
sector_excess_return,Utilities_excess,13,1,ElasticNet,59,2021-06-01,2026-04-01,-0.02170911138178444,0.0019287432278897853,0.001887761601030753,1.0217091113817844,0.4406779661016949
sector_excess_return,Utilities_excess,5,2,OLS,58,2021-06-01,2026-03-01,-0.21453405944221626,0.002308452170558368,0.0019006895299573086,1.2145340594422163,0.46551724137931033
sector_excess_return,Utilities_excess,5,2,Ridge,58,2021-06-01,2026-03-01,-0.0332526608416408,0.0019638925142622366,0.0019006895299573086,1.0332526608416408,0.43103448275862066
sector_excess_return,Utilities_excess,5,2,Lasso,58,2021-06-01,2026-03-01,-0.005425831039044704,0.001911002350204538,0.0019006895299573086,1.0054258310390447,0.46551724137931033
sector_excess_return,Utilities_excess,5,2,ElasticNet,58,2021-06-01,2026-03-01,-0.0052806842747323834,0.0019107264712693026,0.0019006895299573086,1.0052806842747324,0.43103448275862066
sector_excess_return,Utilities_excess,10,2,OLS,58,2021-06-01,2026-03-01,-0.14199377969435445,0.002170575620341433,0.0019006895299573086,1.1419937796943544,0.6379310344827587
sector_excess_return,Utilities_excess,10,2,Ridge,58,2021-06-01,2026-03-01,-0.00037109652795219716,0.001901394869242591,0.0019006895299573086,1.0003710965279522,0.46551724137931033
sector_excess_return,Utilities_excess,10,2,Lasso,58,2021-06-01,2026-03-01,0.0005986014764682857,0.0018995517743983683,0.0019006895299573086,0.9994013985235317,0.4482758620689655
sector_excess_return,Utilities_excess,10,2,ElasticNet,58,2021-06-01,2026-03-01,-0.0009387229541431008,0.0019024737508477791,0.0019006895299573086,1.000938722954143,0.4482758620689655
sector_excess_return,Utilities_excess,13,2,OLS,58,2021-06-01,2026-03-01,-0.2934711918316195,0.002458487151615761,0.0019006895299573086,1.2934711918316195,0.6551724137931034
sector_excess_return,Utilities_excess,13,2,Ridge,58,2021-06-01,2026-03-01,0.0024776784620037517,0.0018959802324459774,0.0019006895299573086,0.9975223215379962,0.4482758620689655
sector_excess_return,Utilities_excess,13,2,Lasso,58,2021-06-01,2026-03-01,-0.0035772233868174297,0.001907488720994951,0.0019006895299573086,1.0035772233868174,0.43103448275862066
sector_excess_return,Utilities_excess,13,2,ElasticNet,58,2021-06-01,2026-03-01,-0.004652940350764023,0.0019095333249655217,0.0019006895299573086,1.004652940350764,0.43103448275862066
sector_excess_return,Health Care_excess,5,1,OLS,59,2021-06-01,2026-04-01,-0.1516743628655608,0.0017483145126899408,0.0015180632382402247,1.1516743628655608,0.5084745762711864
sector_excess_return,Health Care_excess,5,1,Ridge,59,2021-06-01,2026-04-01,-0.06709500551016667,0.0016199176995747339,0.0015180632382402247,1.0670950055101667,0.576271186440678
sector_excess_return,Health Care_excess,5,1,Lasso,59,2021-06-01,2026-04-01,-0.04394979831726631,0.0015847818113937388,0.0015180632382402247,1.0439497983172663,0.6101694915254238
sector_excess_return,Health Care_excess,5,1,ElasticNet,59,2021-06-01,2026-04-01,-0.04177033732753821,0.0015814732517860537,0.0015180632382402247,1.0417703373275382,0.6101694915254238
sector_excess_return,Health Care_excess,10,1,OLS,59,2021-06-01,2026-04-01,-0.22592009182235584,0.0018610242244155991,0.0015180632382402247,1.2259200918223558,0.5254237288135594
sector_excess_return,Health Care_excess,10,1,Ridge,59,2021-06-01,2026-04-01,-0.06551018662023833,0.001617511844278665,0.0015180632382402247,1.0655101866202383,0.6101694915254238
sector_excess_return,Health Care_excess,10,1,Lasso,59,2021-06-01,2026-04-01,-0.003265683530843111,0.0015230207523561242,0.0015180632382402247,1.003265683530843,0.576271186440678
sector_excess_return,Health Care_excess,10,1,ElasticNet,59,2021-06-01,2026-04-01,-0.0033463974764929016,0.0015231432812298285,0.0015180632382402247,1.003346397476493,0.576271186440678
sector_excess_return,Health Care_excess,13,1,OLS,59,2021-06-01,2026-04-01,-0.35485149026180784,0.0020567502406414343,0.0015180632382402247,1.3548514902618078,0.4745762711864407
sector_excess_return,Health Care_excess,13,1,Ridge,59,2021-06-01,2026-04-01,-0.044467941522874144,0.0015855683855463159,0.0015180632382402247,1.0444679415228741,0.5932203389830508
sector_excess_return,Health Care_excess,13,1,Lasso,59,2021-06-01,2026-04-01,-0.004239858044807532,0.001524499610873404,0.0015180632382402247,1.0042398580448075,0.576271186440678
sector_excess_return,Health Care_excess,13,1,ElasticNet,59,2021-06-01,2026-04-01,-0.0057994036009936245,0.0015268670996506112,0.0015180632382402247,1.0057994036009936,0.559322033898305
sector_excess_return,Health Care_excess,5,2,OLS,58,2021-06-01,2026-03-01,-0.12930319728053008,0.0017271748295049614,0.0015294163991248437,1.12930319728053,0.46551724137931033
sector_excess_return,Health Care_excess,5,2,Ridge,58,2021-06-01,2026-03-01,-0.05942126203575726,0.0016202962517390253,0.0015294163991248437,1.0594212620357573,0.5689655172413793
sector_excess_return,Health Care_excess,5,2,Lasso,58,2021-06-01,2026-03-01,-0.06072142002652203,0.001622284734691554,0.0015294163991248437,1.060721420026522,0.5689655172413793
sector_excess_return,Health Care_excess,5,2,ElasticNet,58,2021-06-01,2026-03-01,-0.04791187780230377,0.0016026936107485527,0.0015294163991248437,1.0479118778023038,0.5862068965517241
sector_excess_return,Health Care_excess,10,2,OLS,58,2021-06-01,2026-03-01,-0.2584846588806462,0.001924747075339095,0.0015294163991248437,1.2584846588806462,0.46551724137931033
sector_excess_return,Health Care_excess,10,2,Ridge,58,2021-06-01,2026-03-01,-0.026308507926293023,0.0015696530625838223,0.0015294163991248437,1.026308507926293,0.5689655172413793
sector_excess_return,Health Care_excess,10,2,Lasso,58,2021-06-01,2026-03-01,-0.014631205790533341,0.0015517936051998558,0.0015294163991248437,1.0146312057905333,0.603448275862069
sector_excess_return,Health Care_excess,10,2,ElasticNet,58,2021-06-01,2026-03-01,-0.03061835548721281,0.0015762446141212212,0.0015294163991248437,1.0306183554872128,0.5689655172413793
sector_excess_return,Health Care_excess,13,2,OLS,58,2021-06-01,2026-03-01,-0.3082694301550155,0.002000888720952795,0.0015294163991248437,1.3082694301550155,0.4827586206896552
sector_excess_return,Health Care_excess,13,2,Ridge,58,2021-06-01,2026-03-01,-0.008034743709107284,0.0015417048679163175,0.0015294163991248437,1.0080347437091073,0.6206896551724138
sector_excess_return,Health Care_excess,13,2,Lasso,58,2021-06-01,2026-03-01,-0.011643567901667984,0.0015472242628179784,0.0015294163991248437,1.011643567901668,0.603448275862069
sector_excess_return,Health Care_excess,13,2,ElasticNet,58,2021-06-01,2026-03-01,-0.023297763721635167,0.0015650483810236483,0.0015294163991248437,1.0232977637216352,0.5862068965517241
sector_excess_return,Consumer Discretionary_excess,5,1,OLS,59,2021-06-01,2026-04-01,-0.1084516664670272,0.0013835962225758243,0.0012482242252255947,1.1084516664670272,0.559322033898305
sector_excess_return,Consumer Discretionary_excess,5,1,Ridge,59,2021-06-01,2026-04-01,-0.004521664148967597,0.0012538682759546701,0.0012482242252255947,1.0045216641489676,0.4745762711864407
sector_excess_return,Consumer Discretionary_excess,5,1,Lasso,59,2021-06-01,2026-04-01,0.0,0.0012482242252255947,0.0012482242252255947,1.0,0.3898305084745763
sector_excess_return,Consumer Discretionary_excess,5,1,ElasticNet,59,2021-06-01,2026-04-01,0.0,0.0012482242252255947,0.0012482242252255947,1.0,0.3898305084745763
sector_excess_return,Consumer Discretionary_excess,10,1,OLS,59,2021-06-01,2026-04-01,-0.34259372215143435,0.0016758580086252215,0.0012482242252255947,1.3425937221514344,0.4745762711864407
sector_excess_return,Consumer Discretionary_excess,10,1,Ridge,59,2021-06-01,2026-04-01,-0.008007206841513792,0.0012582190147815643,0.0012482242252255947,1.0080072068415138,0.4915254237288136
sector_excess_return,Consumer Discretionary_excess,10,1,Lasso,59,2021-06-01,2026-04-01,0.00043698973106187644,0.0012476787640571085,0.0012482242252255947,0.9995630102689381,0.3898305084745763
sector_excess_return,Consumer Discretionary_excess,10,1,ElasticNet,59,2021-06-01,2026-04-01,0.0006657004084584806,0.0012473932818490142,0.0012482242252255947,0.9993342995915415,0.4067796610169492
sector_excess_return,Consumer Discretionary_excess,13,1,OLS,59,2021-06-01,2026-04-01,-0.42646322227645794,0.0017805459504388371,0.0012482242252255947,1.426463222276458,0.423728813559322
sector_excess_return,Consumer Discretionary_excess,13,1,Ridge,59,2021-06-01,2026-04-01,-0.01763082075378808,0.001270231442801083,0.0012482242252255947,1.017630820753788,0.423728813559322
sector_excess_return,Consumer Discretionary_excess,13,1,Lasso,59,2021-06-01,2026-04-01,0.0013851299186828925,0.00124649527250601,0.0012482242252255947,0.9986148700813171,0.4067796610169492
sector_excess_return,Consumer Discretionary_excess,13,1,ElasticNet,59,2021-06-01,2026-04-01,0.0017552912835023804,0.0012460332281231997,0.0012482242252255947,0.9982447087164976,0.423728813559322
sector_excess_return,Consumer Discretionary_excess,5,2,OLS,58,2021-06-01,2026-03-01,-0.16844537852687402,0.0014768795824823028,0.0012639697238944019,1.168445378526874,0.5
sector_excess_return,Consumer Discretionary_excess,5,2,Ridge,58,2021-06-01,2026-03-01,-0.10035392128047582,0.0013908140420670055,0.0012639697238944019,1.1003539212804758,0.5517241379310345
sector_excess_return,Consumer Discretionary_excess,5,2,Lasso,58,2021-06-01,2026-03-01,-0.05826910816927944,0.001337620112458699,0.0012639697238944019,1.0582691081692794,0.4482758620689655
sector_excess_return,Consumer Discretionary_excess,5,2,ElasticNet,58,2021-06-01,2026-03-01,-0.059629941235555206,0.0013393401642537459,0.0012639697238944019,1.0596299412355552,0.4482758620689655
sector_excess_return,Consumer Discretionary_excess,10,2,OLS,58,2021-06-01,2026-03-01,-0.2843143215193513,0.0016233344183644407,0.0012639697238944019,1.2843143215193513,0.5172413793103449
sector_excess_return,Consumer Discretionary_excess,10,2,Ridge,58,2021-06-01,2026-03-01,-0.0821034109296006,0.0013677459495378777,0.0012639697238944019,1.0821034109296006,0.5
sector_excess_return,Consumer Discretionary_excess,10,2,Lasso,58,2021-06-01,2026-03-01,-0.03416403542808499,0.001307152030321557,0.0012639697238944019,1.034164035428085,0.4482758620689655
sector_excess_return,Consumer Discretionary_excess,10,2,ElasticNet,58,2021-06-01,2026-03-01,-0.032638861767492644,0.0013052242569908871,0.0012639697238944019,1.0326388617674926,0.46551724137931033
sector_excess_return,Consumer Discretionary_excess,13,2,OLS,58,2021-06-01,2026-03-01,-0.24103358714860335,0.0015686288804918993,0.0012639697238944019,1.2410335871486033,0.5689655172413793
sector_excess_return,Consumer Discretionary_excess,13,2,Ridge,58,2021-06-01,2026-03-01,-0.055372902262875945,0.0013339593958788408,0.0012639697238944019,1.055372902262876,0.5517241379310345
sector_excess_return,Consumer Discretionary_excess,13,2,Lasso,58,2021-06-01,2026-03-01,-0.03724744881256914,0.0013110493714857958,0.0012639697238944019,1.0372474488125691,0.4482758620689655
sector_excess_return,Consumer Discretionary_excess,13,2,ElasticNet,58,2021-06-01,2026-03-01,-0.041711351365769644,0.001316691609163456,0.0012639697238944019,1.0417113513657696,0.46551724137931033
